orderId,orderDate,orderCustomerId,orderStatus
1,2013-07-25 00:00:00.0,11599,CLOSED
2,2013-07-25 00:00:00.0,256,PENDING_PAYMENT
3,2013-07-25 00:00:00.0,12111,COMPLETE
4,2013-07-25 00:00:00.0,8827,CLOSED
5,2013-07-25 00:00:00.0,11318,COMPLETE
6,2013-07-25 00:00:00.0,7130,COMPLETE
7,2013-07-25 00:00:00.0,4530,COMPLETE
8,2013-07-25 00:00:00.0,2911,PROCESSING
9,2013-07-25 00:00:00.0,5657,PENDING_PAYMENT
10,2013-07-25 00:00:00.0,5648,PENDING_PAYMENT
11,2013-07-25 00:00:00.0,918,PAYMENT_REVIEW
12,2013-07-25 00:00:00.0,1837,CLOSED
13,2013-07-25 00:00:00.0,9149,PENDING_PAYMENT
14,2013-07-25 00:00:00.0,9842,PROCESSING
15,2013-07-25 00:00:00.0,2568,COMPLETE
16,2013-07-25 00:00:00.0,7276,PENDING_PAYMENT
17,2013-07-25 00:00:00.0,2667,COMPLETE
18,2013-07-25 00:00:00.0,1205,CLOSED
19,2013-07-25 00:00:00.0,9488,PENDING_PAYMENT
20,2013-07-25 00:00:00.0,9198,PROCESSING
21,2013-07-25 00:00:00.0,2711,PENDING
22,2013-07-25 00:00:00.0,333,COMPLETE
23,2013-07-25 00:00:00.0,4367,PENDING_PAYMENT
24,2013-07-25 00:00:00.0,11441,CLOSED
25,2013-07-25 00:00:00.0,9503,CLOSED
26,2013-07-25 00:00:00.0,7562,COMPLETE
27,2013-07-25 00:00:00.0,3241,PENDING_PAYMENT
28,2013-07-25 00:00:00.0,656,COMPLETE
29,2013-07-25 00:00:00.0,196,PROCESSING
30,2013-07-25 00:00:00.0,10039,PENDING_PAYMENT
31,2013-07-25 00:00:00.0,6983,PAYMENT_REVIEW
32,2013-07-25 00:00:00.0,3960,COMPLETE
33,2013-07-25 00:00:00.0,5793,PENDING_PAYMENT
34,2013-07-25 00:00:00.0,4189,PROCESSING
35,2013-07-25 00:00:00.0,4840,COMPLETE
36,2013-07-25 00:00:00.0,5649,PENDING
37,2013-07-25 00:00:00.0,5863,CLOSED
38,2013-07-25 00:00:00.0,11586,PROCESSING
39,2013-07-25 00:00:00.0,8214,PENDING
40,2013-07-25 00:00:00.0,12092,PENDING_PAYMENT
41,2013-07-25 00:00:00.0,8136,PENDING_PAYMENT
42,2013-07-25 00:00:00.0,9776,PENDING
43,2013-07-25 00:00:00.0,7776,PENDING_PAYMENT
44,2013-07-25 00:00:00.0,10500,PENDING
45,2013-07-25 00:00:00.0,2636,COMPLETE
46,2013-07-25 00:00:00.0,1549,ON_HOLD
47,2013-07-25 00:00:00.0,8487,PENDING_PAYMENT
48,2013-07-25 00:00:00.0,12186,PROCESSING
49,2013-07-25 00:00:00.0,1871,PENDING
50,2013-07-25 00:00:00.0,5225,CANCELED
51,2013-07-25 00:00:00.0,12271,CLOSED
52,2013-07-25 00:00:00.0,5126,PENDING_PAYMENT
53,2013-07-25 00:00:00.0,4701,PROCESSING
54,2013-07-25 00:00:00.0,10628,PENDING_PAYMENT
55,2013-07-25 00:00:00.0,2052,PENDING
56,2013-07-25 00:00:00.0,10519,COMPLETE
57,2013-07-25 00:00:00.0,7073,CLOSED
58,2013-07-25 00:00:00.0,9213,PENDING_PAYMENT
59,2013-07-25 00:00:00.0,11644,PENDING_PAYMENT
60,2013-07-25 00:00:00.0,8365,PENDING_PAYMENT
61,2013-07-25 00:00:00.0,4791,CLOSED
62,2013-07-25 00:00:00.0,9111,CLOSED
63,2013-07-25 00:00:00.0,1148,COMPLETE
64,2013-07-25 00:00:00.0,5579,PENDING_PAYMENT
65,2013-07-25 00:00:00.0,5903,COMPLETE
66,2013-07-25 00:00:00.0,1792,ON_HOLD
67,2013-07-25 00:00:00.0,1406,COMPLETE
68,2013-07-25 00:00:00.0,4320,PENDING
69,2013-07-25 00:00:00.0,2821,SUSPECTED_FRAUD
70,2013-07-25 00:00:00.0,11809,PENDING_PAYMENT
71,2013-07-25 00:00:00.0,8646,COMPLETE
72,2013-07-25 00:00:00.0,4349,COMPLETE
73,2013-07-25 00:00:00.0,8504,PENDING_PAYMENT
74,2013-07-25 00:00:00.0,662,PENDING_PAYMENT
75,2013-07-25 00:00:00.0,2505,PENDING_PAYMENT
76,2013-07-25 00:00:00.0,6898,COMPLETE
77,2013-07-25 00:00:00.0,7915,PENDING_PAYMENT
78,2013-07-25 00:00:00.0,8619,PAYMENT_REVIEW
79,2013-07-25 00:00:00.0,7327,PENDING_PAYMENT
80,2013-07-25 00:00:00.0,3007,COMPLETE
81,2013-07-25 00:00:00.0,674,PROCESSING
82,2013-07-25 00:00:00.0,3566,PENDING_PAYMENT
83,2013-07-25 00:00:00.0,1265,COMPLETE
84,2013-07-25 00:00:00.0,6789,PROCESSING
85,2013-07-25 00:00:00.0,1485,PENDING
86,2013-07-25 00:00:00.0,6680,PENDING_PAYMENT
87,2013-07-25 00:00:00.0,3065,CLOSED
88,2013-07-25 00:00:00.0,3809,COMPLETE
89,2013-07-25 00:00:00.0,824,ON_HOLD
90,2013-07-25 00:00:00.0,9131,CLOSED
91,2013-07-25 00:00:00.0,8912,COMPLETE
92,2013-07-25 00:00:00.0,6932,COMPLETE
93,2013-07-25 00:00:00.0,2256,PENDING_PAYMENT
94,2013-07-25 00:00:00.0,11589,PROCESSING
95,2013-07-25 00:00:00.0,9032,COMPLETE
96,2013-07-25 00:00:00.0,8683,PENDING
97,2013-07-25 00:00:00.0,10784,PENDING
98,2013-07-25 00:00:00.0,5243,COMPLETE
99,2013-07-25 00:00:00.0,11542,PENDING_PAYMENT
100,2013-07-25 00:00:00.0,12131,PROCESSING
101,2013-07-25 00:00:00.0,5116,CLOSED
102,2013-07-25 00:00:00.0,8027,COMPLETE
103,2013-07-25 00:00:00.0,12256,PROCESSING
104,2013-07-25 00:00:00.0,7790,PENDING_PAYMENT
105,2013-07-26 00:00:00.0,8220,COMPLETE
106,2013-07-26 00:00:00.0,395,PROCESSING
107,2013-07-26 00:00:00.0,1845,COMPLETE
108,2013-07-26 00:00:00.0,12149,PROCESSING
109,2013-07-26 00:00:00.0,9345,PENDING_PAYMENT
110,2013-07-26 00:00:00.0,2746,COMPLETE
111,2013-07-26 00:00:00.0,4271,PROCESSING
112,2013-07-26 00:00:00.0,5375,CANCELED
113,2013-07-26 00:00:00.0,10216,PENDING_PAYMENT
114,2013-07-26 00:00:00.0,2091,COMPLETE
115,2013-07-26 00:00:00.0,104,PROCESSING
116,2013-07-26 00:00:00.0,8763,CLOSED
117,2013-07-26 00:00:00.0,58,SUSPECTED_FRAUD
118,2013-07-26 00:00:00.0,1737,COMPLETE
119,2013-07-26 00:00:00.0,8124,PENDING_PAYMENT
120,2013-07-26 00:00:00.0,356,PENDING_PAYMENT
121,2013-07-26 00:00:00.0,2074,PENDING
122,2013-07-26 00:00:00.0,2071,PROCESSING
123,2013-07-26 00:00:00.0,3695,PENDING_PAYMENT
124,2013-07-26 00:00:00.0,2374,COMPLETE
125,2013-07-26 00:00:00.0,4611,PENDING_PAYMENT
126,2013-07-26 00:00:00.0,610,COMPLETE
127,2013-07-26 00:00:00.0,5261,PENDING_PAYMENT
128,2013-07-26 00:00:00.0,2772,PENDING_PAYMENT
129,2013-07-26 00:00:00.0,9937,CLOSED
130,2013-07-26 00:00:00.0,7509,PENDING_PAYMENT
131,2013-07-26 00:00:00.0,10072,PROCESSING
132,2013-07-26 00:00:00.0,289,PENDING
133,2013-07-26 00:00:00.0,10604,CLOSED
134,2013-07-26 00:00:00.0,12081,PENDING_PAYMENT
135,2013-07-26 00:00:00.0,7738,COMPLETE
136,2013-07-26 00:00:00.0,9126,PENDING_PAYMENT
137,2013-07-26 00:00:00.0,4211,COMPLETE
138,2013-07-26 00:00:00.0,10904,PROCESSING
139,2013-07-26 00:00:00.0,7933,COMPLETE
140,2013-07-26 00:00:00.0,4257,PENDING_PAYMENT
141,2013-07-26 00:00:00.0,12128,COMPLETE
142,2013-07-26 00:00:00.0,5760,PENDING_PAYMENT
143,2013-07-26 00:00:00.0,10495,COMPLETE
144,2013-07-26 00:00:00.0,2158,PROCESSING
145,2013-07-26 00:00:00.0,494,ON_HOLD
146,2013-07-26 00:00:00.0,8177,COMPLETE
147,2013-07-26 00:00:00.0,275,PENDING_PAYMENT
148,2013-07-26 00:00:00.0,5383,PROCESSING
149,2013-07-26 00:00:00.0,11431,COMPLETE
150,2013-07-26 00:00:00.0,236,PROCESSING
151,2013-07-26 00:00:00.0,2493,ON_HOLD
152,2013-07-26 00:00:00.0,3611,COMPLETE
153,2013-07-26 00:00:00.0,8876,COMPLETE
154,2013-07-26 00:00:00.0,9993,ON_HOLD
155,2013-07-26 00:00:00.0,9044,PENDING_PAYMENT
156,2013-07-26 00:00:00.0,5200,ON_HOLD
157,2013-07-26 00:00:00.0,8986,ON_HOLD
158,2013-07-26 00:00:00.0,12345,PENDING
159,2013-07-26 00:00:00.0,10974,PENDING_PAYMENT
160,2013-07-26 00:00:00.0,6762,COMPLETE
161,2013-07-26 00:00:00.0,4513,PENDING_PAYMENT
162,2013-07-26 00:00:00.0,3304,PENDING_PAYMENT
163,2013-07-26 00:00:00.0,3348,COMPLETE
164,2013-07-26 00:00:00.0,2962,PROCESSING
165,2013-07-26 00:00:00.0,1222,PENDING_PAYMENT
166,2013-07-26 00:00:00.0,7834,PROCESSING
167,2013-07-26 00:00:00.0,1347,PENDING
168,2013-07-26 00:00:00.0,11794,PENDING_PAYMENT
169,2013-07-26 00:00:00.0,2611,ON_HOLD
170,2013-07-26 00:00:00.0,6295,PAYMENT_REVIEW
171,2013-07-26 00:00:00.0,1980,COMPLETE
172,2013-07-26 00:00:00.0,11382,COMPLETE
173,2013-07-26 00:00:00.0,9027,ON_HOLD
174,2013-07-26 00:00:00.0,3358,COMPLETE
175,2013-07-26 00:00:00.0,384,COMPLETE
176,2013-07-26 00:00:00.0,2897,PENDING_PAYMENT
177,2013-07-26 00:00:00.0,9151,PENDING_PAYMENT
178,2013-07-26 00:00:00.0,8503,COMPLETE
179,2013-07-26 00:00:00.0,6506,COMPLETE
180,2013-07-26 00:00:00.0,10215,ON_HOLD
181,2013-07-26 00:00:00.0,7473,PENDING
182,2013-07-26 00:00:00.0,10984,COMPLETE
183,2013-07-26 00:00:00.0,12105,COMPLETE
184,2013-07-26 00:00:00.0,210,COMPLETE
185,2013-07-26 00:00:00.0,10966,PENDING_PAYMENT
186,2013-07-26 00:00:00.0,1104,COMPLETE
187,2013-07-26 00:00:00.0,1378,PAYMENT_REVIEW
188,2013-07-26 00:00:00.0,2889,PENDING
189,2013-07-26 00:00:00.0,10177,PENDING
190,2013-07-26 00:00:00.0,11115,PENDING
191,2013-07-26 00:00:00.0,16,CLOSED
192,2013-07-26 00:00:00.0,5293,PROCESSING
193,2013-07-26 00:00:00.0,6174,PROCESSING
194,2013-07-26 00:00:00.0,2550,PENDING_PAYMENT
195,2013-07-26 00:00:00.0,12096,PROCESSING
196,2013-07-26 00:00:00.0,2765,PROCESSING
197,2013-07-26 00:00:00.0,6370,PROCESSING
198,2013-07-26 00:00:00.0,7436,PENDING_PAYMENT
199,2013-07-26 00:00:00.0,4608,ON_HOLD
200,2013-07-26 00:00:00.0,11116,PAYMENT_REVIEW
201,2013-07-26 00:00:00.0,9055,CLOSED
202,2013-07-26 00:00:00.0,8524,PENDING_PAYMENT
203,2013-07-26 00:00:00.0,11791,PENDING_PAYMENT
204,2013-07-26 00:00:00.0,7604,PENDING_PAYMENT
205,2013-07-26 00:00:00.0,3109,PROCESSING
206,2013-07-26 00:00:00.0,8994,PENDING
207,2013-07-26 00:00:00.0,11643,COMPLETE
208,2013-07-26 00:00:00.0,7923,PROCESSING
209,2013-07-26 00:00:00.0,3627,PENDING
210,2013-07-26 00:00:00.0,10102,COMPLETE
211,2013-07-26 00:00:00.0,10372,CLOSED
212,2013-07-26 00:00:00.0,3190,PENDING
213,2013-07-26 00:00:00.0,11715,CLOSED
214,2013-07-26 00:00:00.0,3925,COMPLETE
215,2013-07-26 00:00:00.0,5925,CLOSED
216,2013-07-26 00:00:00.0,7282,PENDING
217,2013-07-26 00:00:00.0,5420,PROCESSING
218,2013-07-26 00:00:00.0,3935,COMPLETE
219,2013-07-26 00:00:00.0,10655,PROCESSING
220,2013-07-26 00:00:00.0,1383,COMPLETE
221,2013-07-26 00:00:00.0,11871,CLOSED
222,2013-07-26 00:00:00.0,8309,CLOSED
223,2013-07-26 00:00:00.0,9068,PENDING
224,2013-07-26 00:00:00.0,11938,CLOSED
225,2013-07-26 00:00:00.0,11275,COMPLETE
226,2013-07-26 00:00:00.0,9356,PENDING_PAYMENT
227,2013-07-26 00:00:00.0,7410,CLOSED
228,2013-07-26 00:00:00.0,6070,ON_HOLD
229,2013-07-26 00:00:00.0,618,PENDING
230,2013-07-26 00:00:00.0,4921,PENDING_PAYMENT
231,2013-07-26 00:00:00.0,3960,COMPLETE
232,2013-07-26 00:00:00.0,1780,PENDING_PAYMENT
233,2013-07-26 00:00:00.0,12316,COMPLETE
234,2013-07-26 00:00:00.0,1010,ON_HOLD
235,2013-07-26 00:00:00.0,4285,PENDING_PAYMENT
236,2013-07-26 00:00:00.0,9785,COMPLETE
237,2013-07-26 00:00:00.0,11438,PENDING_PAYMENT
238,2013-07-26 00:00:00.0,4939,PENDING_PAYMENT
239,2013-07-26 00:00:00.0,5058,COMPLETE
240,2013-07-26 00:00:00.0,32,PENDING
241,2013-07-26 00:00:00.0,948,CLOSED
242,2013-07-26 00:00:00.0,3237,PAYMENT_REVIEW
243,2013-07-26 00:00:00.0,32,ON_HOLD
244,2013-07-26 00:00:00.0,6910,PENDING_PAYMENT
245,2013-07-26 00:00:00.0,5191,CLOSED
246,2013-07-26 00:00:00.0,9616,SUSPECTED_FRAUD
247,2013-07-26 00:00:00.0,173,COMPLETE
248,2013-07-26 00:00:00.0,11707,COMPLETE
249,2013-07-26 00:00:00.0,7650,CLOSED
250,2013-07-26 00:00:00.0,11668,COMPLETE
251,2013-07-26 00:00:00.0,568,PENDING
252,2013-07-26 00:00:00.0,9708,COMPLETE
253,2013-07-26 00:00:00.0,45,COMPLETE
254,2013-07-26 00:00:00.0,9395,COMPLETE
255,2013-07-26 00:00:00.0,10346,COMPLETE
256,2013-07-26 00:00:00.0,4199,CLOSED
257,2013-07-26 00:00:00.0,3273,PROCESSING
258,2013-07-26 00:00:00.0,1137,COMPLETE
259,2013-07-26 00:00:00.0,3454,COMPLETE
260,2013-07-26 00:00:00.0,5135,CLOSED
261,2013-07-26 00:00:00.0,5128,COMPLETE
262,2013-07-26 00:00:00.0,11475,CLOSED
263,2013-07-26 00:00:00.0,8026,COMPLETE
264,2013-07-26 00:00:00.0,230,COMPLETE
265,2013-07-26 00:00:00.0,488,PENDING_PAYMENT
266,2013-07-26 00:00:00.0,11085,COMPLETE
267,2013-07-26 00:00:00.0,6989,CLOSED
268,2013-07-26 00:00:00.0,5578,CLOSED
269,2013-07-26 00:00:00.0,11887,PROCESSING
270,2013-07-26 00:00:00.0,5689,COMPLETE
271,2013-07-26 00:00:00.0,815,COMPLETE
272,2013-07-26 00:00:00.0,428,CLOSED
273,2013-07-26 00:00:00.0,10665,PENDING_PAYMENT
274,2013-07-26 00:00:00.0,3365,PENDING
275,2013-07-26 00:00:00.0,10942,PENDING_PAYMENT
276,2013-07-26 00:00:00.0,2221,PENDING_PAYMENT
277,2013-07-26 00:00:00.0,3732,PENDING
278,2013-07-26 00:00:00.0,488,PAYMENT_REVIEW
279,2013-07-26 00:00:00.0,10372,COMPLETE
280,2013-07-26 00:00:00.0,11836,PENDING
281,2013-07-26 00:00:00.0,827,PENDING_PAYMENT
282,2013-07-26 00:00:00.0,3551,PENDING_PAYMENT
283,2013-07-26 00:00:00.0,11466,COMPLETE
284,2013-07-26 00:00:00.0,861,PROCESSING
285,2013-07-26 00:00:00.0,5011,CLOSED
286,2013-07-26 00:00:00.0,9824,ON_HOLD
287,2013-07-26 00:00:00.0,8122,COMPLETE
288,2013-07-26 00:00:00.0,8667,COMPLETE
289,2013-07-26 00:00:00.0,1195,PENDING_PAYMENT
290,2013-07-26 00:00:00.0,6446,COMPLETE
291,2013-07-26 00:00:00.0,5506,PROCESSING
292,2013-07-26 00:00:00.0,11971,PENDING_PAYMENT
293,2013-07-26 00:00:00.0,4731,PROCESSING
294,2013-07-26 00:00:00.0,11394,CLOSED
295,2013-07-26 00:00:00.0,1937,PENDING
296,2013-07-26 00:00:00.0,6665,COMPLETE
297,2013-07-26 00:00:00.0,2281,PENDING
298,2013-07-26 00:00:00.0,4967,COMPLETE
299,2013-07-26 00:00:00.0,9202,PENDING_PAYMENT
300,2013-07-26 00:00:00.0,11326,CLOSED
301,2013-07-26 00:00:00.0,11999,COMPLETE
302,2013-07-26 00:00:00.0,3577,COMPLETE
303,2013-07-26 00:00:00.0,1682,PENDING_PAYMENT
304,2013-07-26 00:00:00.0,1869,COMPLETE
305,2013-07-26 00:00:00.0,5618,ON_HOLD
306,2013-07-26 00:00:00.0,137,COMPLETE
307,2013-07-26 00:00:00.0,8818,PENDING
308,2013-07-26 00:00:00.0,6829,PENDING_PAYMENT
309,2013-07-26 00:00:00.0,10396,COMPLETE
310,2013-07-26 00:00:00.0,1256,COMPLETE
311,2013-07-26 00:00:00.0,410,COMPLETE
312,2013-07-26 00:00:00.0,1122,COMPLETE
313,2013-07-26 00:00:00.0,7543,CLOSED
314,2013-07-26 00:00:00.0,10033,PENDING_PAYMENT
315,2013-07-26 00:00:00.0,4375,PENDING_PAYMENT
316,2013-07-26 00:00:00.0,3870,PROCESSING
317,2013-07-26 00:00:00.0,1450,COMPLETE
318,2013-07-26 00:00:00.0,8829,PENDING_PAYMENT
319,2013-07-26 00:00:00.0,10445,COMPLETE
320,2013-07-26 00:00:00.0,10698,SUSPECTED_FRAUD
321,2013-07-26 00:00:00.0,4282,ON_HOLD
322,2013-07-26 00:00:00.0,2864,COMPLETE
323,2013-07-26 00:00:00.0,3020,PENDING_PAYMENT
324,2013-07-26 00:00:00.0,76,COMPLETE
325,2013-07-26 00:00:00.0,4759,PENDING
326,2013-07-26 00:00:00.0,1604,PENDING_PAYMENT
327,2013-07-26 00:00:00.0,12107,PENDING
328,2013-07-26 00:00:00.0,1149,COMPLETE
329,2013-07-26 00:00:00.0,1944,SUSPECTED_FRAUD
330,2013-07-26 00:00:00.0,5175,COMPLETE
331,2013-07-26 00:00:00.0,4797,PENDING_PAYMENT
332,2013-07-26 00:00:00.0,4171,COMPLETE
333,2013-07-26 00:00:00.0,2071,PENDING_PAYMENT
334,2013-07-26 00:00:00.0,3752,PENDING_PAYMENT
335,2013-07-26 00:00:00.0,7710,PENDING
336,2013-07-26 00:00:00.0,5479,PENDING
337,2013-07-26 00:00:00.0,6747,COMPLETE
338,2013-07-26 00:00:00.0,4666,COMPLETE
339,2013-07-26 00:00:00.0,8326,PENDING
340,2013-07-26 00:00:00.0,7995,PENDING_PAYMENT
341,2013-07-26 00:00:00.0,10128,CLOSED
342,2013-07-26 00:00:00.0,8809,ON_HOLD
343,2013-07-26 00:00:00.0,10952,COMPLETE
344,2013-07-26 00:00:00.0,2816,PENDING
345,2013-07-26 00:00:00.0,11040,PROCESSING
346,2013-07-26 00:00:00.0,3646,COMPLETE
347,2013-07-27 00:00:00.0,11662,COMPLETE
348,2013-07-27 00:00:00.0,12120,COMPLETE
349,2013-07-27 00:00:00.0,9103,COMPLETE
350,2013-07-27 00:00:00.0,10672,COMPLETE
351,2013-07-27 00:00:00.0,12049,COMPLETE
352,2013-07-27 00:00:00.0,1977,PENDING_PAYMENT
353,2013-07-27 00:00:00.0,2234,PROCESSING
354,2013-07-27 00:00:00.0,5862,PROCESSING
355,2013-07-27 00:00:00.0,11682,PROCESSING
356,2013-07-27 00:00:00.0,2209,PENDING
357,2013-07-27 00:00:00.0,2685,COMPLETE
358,2013-07-27 00:00:00.0,2979,PENDING
359,2013-07-27 00:00:00.0,6020,PENDING_PAYMENT
360,2013-07-27 00:00:00.0,8020,COMPLETE
361,2013-07-27 00:00:00.0,8286,PROCESSING
362,2013-07-27 00:00:00.0,10167,PROCESSING
363,2013-07-27 00:00:00.0,3619,CLOSED
364,2013-07-27 00:00:00.0,6035,PROCESSING
365,2013-07-27 00:00:00.0,2400,PENDING_PAYMENT
366,2013-07-27 00:00:00.0,4422,PENDING_PAYMENT
367,2013-07-27 00:00:00.0,8730,PROCESSING
368,2013-07-27 00:00:00.0,5783,COMPLETE
369,2013-07-27 00:00:00.0,189,COMPLETE
370,2013-07-27 00:00:00.0,4791,PENDING_PAYMENT
371,2013-07-27 00:00:00.0,4428,PENDING_PAYMENT
372,2013-07-27 00:00:00.0,776,COMPLETE
373,2013-07-27 00:00:00.0,3630,PENDING
374,2013-07-27 00:00:00.0,5906,PROCESSING
375,2013-07-27 00:00:00.0,6561,PROCESSING
376,2013-07-27 00:00:00.0,1369,PENDING
377,2013-07-27 00:00:00.0,514,PROCESSING
378,2013-07-27 00:00:00.0,10071,PENDING_PAYMENT
379,2013-07-27 00:00:00.0,8735,PENDING_PAYMENT
380,2013-07-27 00:00:00.0,9505,PENDING_PAYMENT
381,2013-07-27 00:00:00.0,5756,ON_HOLD
382,2013-07-27 00:00:00.0,8143,PROCESSING
383,2013-07-27 00:00:00.0,10509,PENDING_PAYMENT
384,2013-07-27 00:00:00.0,2610,CLOSED
385,2013-07-27 00:00:00.0,10667,COMPLETE
386,2013-07-27 00:00:00.0,3568,PENDING
387,2013-07-27 00:00:00.0,7193,CLOSED
388,2013-07-27 00:00:00.0,2790,COMPLETE
389,2013-07-27 00:00:00.0,4435,COMPLETE
390,2013-07-27 00:00:00.0,5590,PENDING
391,2013-07-27 00:00:00.0,5816,PENDING_PAYMENT
392,2013-07-27 00:00:00.0,3238,PENDING
393,2013-07-27 00:00:00.0,1047,CLOSED
394,2013-07-27 00:00:00.0,76,PENDING_PAYMENT
395,2013-07-27 00:00:00.0,3934,COMPLETE
396,2013-07-27 00:00:00.0,9078,PAYMENT_REVIEW
397,2013-07-27 00:00:00.0,4476,CLOSED
398,2013-07-27 00:00:00.0,1365,ON_HOLD
399,2013-07-27 00:00:00.0,1473,PROCESSING
400,2013-07-27 00:00:00.0,5626,PENDING
401,2013-07-27 00:00:00.0,9692,PROCESSING
402,2013-07-27 00:00:00.0,9547,PENDING_PAYMENT
403,2013-07-27 00:00:00.0,4178,COMPLETE
404,2013-07-27 00:00:00.0,1478,CLOSED
405,2013-07-27 00:00:00.0,9498,COMPLETE
406,2013-07-27 00:00:00.0,9023,COMPLETE
407,2013-07-27 00:00:00.0,3333,PROCESSING
408,2013-07-27 00:00:00.0,2252,PAYMENT_REVIEW
409,2013-07-27 00:00:00.0,11102,PROCESSING
410,2013-07-27 00:00:00.0,1288,PENDING
411,2013-07-27 00:00:00.0,11164,SUSPECTED_FRAUD
412,2013-07-27 00:00:00.0,9397,COMPLETE
413,2013-07-27 00:00:00.0,7278,CLOSED
414,2013-07-27 00:00:00.0,11776,PENDING
415,2013-07-27 00:00:00.0,6110,CLOSED
416,2013-07-27 00:00:00.0,1561,COMPLETE
417,2013-07-27 00:00:00.0,11491,PENDING_PAYMENT
418,2013-07-27 00:00:00.0,4269,COMPLETE
419,2013-07-27 00:00:00.0,8987,PENDING_PAYMENT
420,2013-07-27 00:00:00.0,4632,COMPLETE
421,2013-07-27 00:00:00.0,7839,PENDING
422,2013-07-27 00:00:00.0,9664,COMPLETE
423,2013-07-27 00:00:00.0,9632,SUSPECTED_FRAUD
424,2013-07-27 00:00:00.0,2457,PROCESSING
425,2013-07-27 00:00:00.0,10481,PENDING_PAYMENT
426,2013-07-27 00:00:00.0,10419,COMPLETE
427,2013-07-27 00:00:00.0,6681,COMPLETE
428,2013-07-27 00:00:00.0,3487,COMPLETE
429,2013-07-27 00:00:00.0,8466,CLOSED
430,2013-07-27 00:00:00.0,10779,PENDING_PAYMENT
431,2013-07-27 00:00:00.0,4676,CLOSED
432,2013-07-27 00:00:00.0,1197,COMPLETE
433,2013-07-27 00:00:00.0,792,PROCESSING
434,2013-07-27 00:00:00.0,11390,PENDING_PAYMENT
435,2013-07-27 00:00:00.0,5719,CLOSED
436,2013-07-27 00:00:00.0,7610,PROCESSING
437,2013-07-27 00:00:00.0,5351,COMPLETE
438,2013-07-27 00:00:00.0,8256,COMPLETE
439,2013-07-27 00:00:00.0,9353,COMPLETE
440,2013-07-27 00:00:00.0,7290,COMPLETE
441,2013-07-27 00:00:00.0,5239,PENDING_PAYMENT
442,2013-07-27 00:00:00.0,8098,COMPLETE
443,2013-07-27 00:00:00.0,8499,CLOSED
444,2013-07-27 00:00:00.0,10004,COMPLETE
445,2013-07-27 00:00:00.0,3859,PENDING
446,2013-07-27 00:00:00.0,7620,PENDING_PAYMENT
447,2013-07-27 00:00:00.0,8737,CLOSED
448,2013-07-27 00:00:00.0,7167,COMPLETE
449,2013-07-27 00:00:00.0,409,CLOSED
450,2013-07-27 00:00:00.0,5085,ON_HOLD
451,2013-07-27 00:00:00.0,10104,PENDING
452,2013-07-27 00:00:00.0,5128,COMPLETE
453,2013-07-27 00:00:00.0,381,SUSPECTED_FRAUD
454,2013-07-27 00:00:00.0,5933,PENDING_PAYMENT
455,2013-07-27 00:00:00.0,6575,PENDING
456,2013-07-27 00:00:00.0,11295,CLOSED
457,2013-07-27 00:00:00.0,4036,PENDING_PAYMENT
458,2013-07-27 00:00:00.0,5358,COMPLETE
459,2013-07-27 00:00:00.0,3687,COMPLETE
460,2013-07-27 00:00:00.0,2521,PENDING_PAYMENT
461,2013-07-27 00:00:00.0,8398,CLOSED
462,2013-07-27 00:00:00.0,5454,PROCESSING
463,2013-07-27 00:00:00.0,8709,COMPLETE
464,2013-07-27 00:00:00.0,7114,COMPLETE
465,2013-07-27 00:00:00.0,1255,PENDING_PAYMENT
466,2013-07-27 00:00:00.0,10943,CLOSED
467,2013-07-27 00:00:00.0,1719,PENDING_PAYMENT
468,2013-07-27 00:00:00.0,7305,COMPLETE
469,2013-07-27 00:00:00.0,1731,PENDING
470,2013-07-27 00:00:00.0,6410,PENDING_PAYMENT
471,2013-07-27 00:00:00.0,10861,PENDING
472,2013-07-27 00:00:00.0,8969,CLOSED
473,2013-07-27 00:00:00.0,5359,COMPLETE
474,2013-07-27 00:00:00.0,8349,PENDING_PAYMENT
475,2013-07-27 00:00:00.0,4567,CLOSED
476,2013-07-27 00:00:00.0,6020,PENDING_PAYMENT
477,2013-07-27 00:00:00.0,8511,ON_HOLD
478,2013-07-27 00:00:00.0,7657,COMPLETE
479,2013-07-27 00:00:00.0,11138,COMPLETE
480,2013-07-27 00:00:00.0,2902,PROCESSING
481,2013-07-27 00:00:00.0,10633,PROCESSING
482,2013-07-27 00:00:00.0,9156,ON_HOLD
483,2013-07-27 00:00:00.0,12341,PROCESSING
484,2013-07-27 00:00:00.0,2409,PENDING_PAYMENT
485,2013-07-27 00:00:00.0,3976,PENDING_PAYMENT
486,2013-07-27 00:00:00.0,1865,PROCESSING
487,2013-07-27 00:00:00.0,5698,PROCESSING
488,2013-07-27 00:00:00.0,10143,PENDING_PAYMENT
489,2013-07-27 00:00:00.0,2030,PENDING_PAYMENT
490,2013-07-27 00:00:00.0,9709,COMPLETE
491,2013-07-27 00:00:00.0,3945,ON_HOLD
492,2013-07-27 00:00:00.0,2499,PENDING_PAYMENT
493,2013-07-27 00:00:00.0,1180,COMPLETE
494,2013-07-27 00:00:00.0,8121,PENDING_PAYMENT
495,2013-07-27 00:00:00.0,7242,COMPLETE
496,2013-07-27 00:00:00.0,615,COMPLETE
497,2013-07-27 00:00:00.0,846,COMPLETE
498,2013-07-27 00:00:00.0,6828,PENDING_PAYMENT
499,2013-07-27 00:00:00.0,8920,COMPLETE
500,2013-07-27 00:00:00.0,2129,CLOSED
501,2013-07-27 00:00:00.0,1987,CLOSED
502,2013-07-27 00:00:00.0,7196,COMPLETE
503,2013-07-27 00:00:00.0,6377,PENDING_PAYMENT
504,2013-07-27 00:00:00.0,6288,COMPLETE
505,2013-07-27 00:00:00.0,11952,PROCESSING
506,2013-07-27 00:00:00.0,3509,PENDING
507,2013-07-27 00:00:00.0,4730,PENDING_PAYMENT
508,2013-07-27 00:00:00.0,6970,COMPLETE
509,2013-07-27 00:00:00.0,10739,COMPLETE
510,2013-07-28 00:00:00.0,7533,PENDING_PAYMENT
511,2013-07-28 00:00:00.0,486,PROCESSING
512,2013-07-28 00:00:00.0,12000,COMPLETE
513,2013-07-28 00:00:00.0,10479,COMPLETE
514,2013-07-28 00:00:00.0,10962,PENDING_PAYMENT
515,2013-07-28 00:00:00.0,5921,PENDING_PAYMENT
516,2013-07-28 00:00:00.0,9204,COMPLETE
517,2013-07-28 00:00:00.0,1578,PROCESSING
518,2013-07-28 00:00:00.0,5257,COMPLETE
519,2013-07-28 00:00:00.0,4780,COMPLETE
520,2013-07-28 00:00:00.0,8074,COMPLETE
521,2013-07-28 00:00:00.0,6497,COMPLETE
522,2013-07-28 00:00:00.0,12300,COMPLETE
523,2013-07-28 00:00:00.0,4477,COMPLETE
524,2013-07-28 00:00:00.0,7622,COMPLETE
525,2013-07-28 00:00:00.0,10830,PENDING
526,2013-07-28 00:00:00.0,7259,COMPLETE
527,2013-07-28 00:00:00.0,5426,CANCELED
528,2013-07-28 00:00:00.0,6147,PROCESSING
529,2013-07-28 00:00:00.0,844,ON_HOLD
530,2013-07-28 00:00:00.0,6224,PROCESSING
531,2013-07-28 00:00:00.0,1950,PENDING_PAYMENT
532,2013-07-28 00:00:00.0,6498,PENDING
533,2013-07-28 00:00:00.0,6770,COMPLETE
534,2013-07-28 00:00:00.0,6896,COMPLETE
535,2013-07-28 00:00:00.0,66,COMPLETE
536,2013-07-28 00:00:00.0,9981,ON_HOLD
537,2013-07-28 00:00:00.0,10437,COMPLETE
538,2013-07-28 00:00:00.0,4871,PROCESSING
539,2013-07-28 00:00:00.0,7673,PENDING_PAYMENT
540,2013-07-28 00:00:00.0,121,COMPLETE
541,2013-07-28 00:00:00.0,4985,COMPLETE
542,2013-07-28 00:00:00.0,597,CLOSED
543,2013-07-28 00:00:00.0,7351,PENDING
544,2013-07-28 00:00:00.0,281,PENDING_PAYMENT
545,2013-07-28 00:00:00.0,11642,COMPLETE
546,2013-07-28 00:00:00.0,7604,PROCESSING
547,2013-07-28 00:00:00.0,7220,COMPLETE
548,2013-07-28 00:00:00.0,6889,SUSPECTED_FRAUD
549,2013-07-28 00:00:00.0,3834,PENDING
550,2013-07-28 00:00:00.0,9666,PENDING_PAYMENT
551,2013-07-28 00:00:00.0,2867,COMPLETE
552,2013-07-28 00:00:00.0,1445,CANCELED
553,2013-07-28 00:00:00.0,7307,COMPLETE
554,2013-07-28 00:00:00.0,10980,PROCESSING
555,2013-07-28 00:00:00.0,976,PENDING_PAYMENT
556,2013-07-28 00:00:00.0,7838,COMPLETE
557,2013-07-28 00:00:00.0,4855,COMPLETE
558,2013-07-28 00:00:00.0,4562,COMPLETE
559,2013-07-28 00:00:00.0,1944,ON_HOLD
560,2013-07-28 00:00:00.0,744,ON_HOLD
561,2013-07-28 00:00:00.0,6059,PENDING
562,2013-07-28 00:00:00.0,5017,PENDING
563,2013-07-28 00:00:00.0,3514,CLOSED
564,2013-07-28 00:00:00.0,2216,CANCELED
565,2013-07-28 00:00:00.0,3850,PENDING_PAYMENT
566,2013-07-28 00:00:00.0,6335,CLOSED
567,2013-07-28 00:00:00.0,9527,CLOSED
568,2013-07-28 00:00:00.0,11790,PENDING
569,2013-07-28 00:00:00.0,8532,CLOSED
570,2013-07-28 00:00:00.0,4622,PENDING
571,2013-07-28 00:00:00.0,5006,PENDING
572,2013-07-28 00:00:00.0,6691,PENDING
573,2013-07-28 00:00:00.0,5964,COMPLETE
574,2013-07-28 00:00:00.0,7145,PROCESSING
575,2013-07-28 00:00:00.0,2873,PROCESSING
576,2013-07-28 00:00:00.0,7191,COMPLETE
577,2013-07-28 00:00:00.0,457,CLOSED
578,2013-07-28 00:00:00.0,2529,PENDING_PAYMENT
579,2013-07-28 00:00:00.0,4137,PROCESSING
580,2013-07-28 00:00:00.0,8677,SUSPECTED_FRAUD
581,2013-07-28 00:00:00.0,3222,PROCESSING
582,2013-07-28 00:00:00.0,6220,CLOSED
583,2013-07-28 00:00:00.0,4695,PENDING
584,2013-07-28 00:00:00.0,1263,PENDING_PAYMENT
585,2013-07-28 00:00:00.0,8399,PENDING_PAYMENT
586,2013-07-28 00:00:00.0,10225,PROCESSING
587,2013-07-28 00:00:00.0,6008,SUSPECTED_FRAUD
588,2013-07-28 00:00:00.0,6348,COMPLETE
589,2013-07-28 00:00:00.0,5609,COMPLETE
590,2013-07-28 00:00:00.0,132,PROCESSING
591,2013-07-28 00:00:00.0,6431,COMPLETE
592,2013-07-28 00:00:00.0,10862,CLOSED
593,2013-07-28 00:00:00.0,6667,PENDING
594,2013-07-28 00:00:00.0,1946,PENDING_PAYMENT
595,2013-07-28 00:00:00.0,3531,PAYMENT_REVIEW
596,2013-07-28 00:00:00.0,8352,PENDING_PAYMENT
597,2013-07-28 00:00:00.0,11558,PENDING_PAYMENT
598,2013-07-28 00:00:00.0,11344,PENDING_PAYMENT
599,2013-07-28 00:00:00.0,8005,COMPLETE
600,2013-07-28 00:00:00.0,3506,COMPLETE
601,2013-07-28 00:00:00.0,8977,COMPLETE
602,2013-07-28 00:00:00.0,6690,COMPLETE
603,2013-07-28 00:00:00.0,6184,CLOSED
604,2013-07-28 00:00:00.0,6930,PENDING_PAYMENT
605,2013-07-28 00:00:00.0,2879,COMPLETE
606,2013-07-28 00:00:00.0,1157,COMPLETE
607,2013-07-28 00:00:00.0,6376,CANCELED
608,2013-07-28 00:00:00.0,10388,COMPLETE
609,2013-07-28 00:00:00.0,1241,PROCESSING
610,2013-07-28 00:00:00.0,1866,PENDING_PAYMENT
611,2013-07-28 00:00:00.0,8422,COMPLETE
612,2013-07-28 00:00:00.0,11854,PENDING_PAYMENT
613,2013-07-28 00:00:00.0,460,COMPLETE
614,2013-07-28 00:00:00.0,5738,CLOSED
615,2013-07-28 00:00:00.0,2827,COMPLETE
616,2013-07-28 00:00:00.0,11330,PROCESSING
617,2013-07-28 00:00:00.0,6154,ON_HOLD
618,2013-07-28 00:00:00.0,12037,PENDING_PAYMENT
619,2013-07-28 00:00:00.0,11473,PROCESSING
620,2013-07-28 00:00:00.0,11346,COMPLETE
621,2013-07-28 00:00:00.0,7916,COMPLETE
622,2013-07-28 00:00:00.0,3892,ON_HOLD
623,2013-07-28 00:00:00.0,3658,PAYMENT_REVIEW
624,2013-07-28 00:00:00.0,1821,PENDING_PAYMENT
625,2013-07-28 00:00:00.0,5918,ON_HOLD
626,2013-07-28 00:00:00.0,9123,CLOSED
627,2013-07-28 00:00:00.0,7859,PENDING_PAYMENT
628,2013-07-28 00:00:00.0,9783,PROCESSING
629,2013-07-28 00:00:00.0,6772,COMPLETE
630,2013-07-28 00:00:00.0,3449,COMPLETE
631,2013-07-28 00:00:00.0,9381,PENDING_PAYMENT
632,2013-07-28 00:00:00.0,529,PENDING
633,2013-07-28 00:00:00.0,12249,COMPLETE
634,2013-07-28 00:00:00.0,4588,COMPLETE
635,2013-07-28 00:00:00.0,1427,PENDING
636,2013-07-28 00:00:00.0,10371,PENDING_PAYMENT
637,2013-07-28 00:00:00.0,2259,ON_HOLD
638,2013-07-28 00:00:00.0,3626,PENDING
639,2013-07-28 00:00:00.0,1072,COMPLETE
640,2013-07-28 00:00:00.0,6199,PROCESSING
641,2013-07-28 00:00:00.0,11558,CLOSED
642,2013-07-28 00:00:00.0,7499,COMPLETE
643,2013-07-28 00:00:00.0,64,PENDING_PAYMENT
644,2013-07-28 00:00:00.0,7295,PENDING_PAYMENT
645,2013-07-28 00:00:00.0,2238,COMPLETE
646,2013-07-28 00:00:00.0,911,CLOSED
647,2013-07-28 00:00:00.0,12319,COMPLETE
648,2013-07-28 00:00:00.0,4551,PENDING_PAYMENT
649,2013-07-28 00:00:00.0,7261,CANCELED
650,2013-07-28 00:00:00.0,4170,PENDING_PAYMENT
651,2013-07-28 00:00:00.0,9264,CLOSED
652,2013-07-28 00:00:00.0,8732,PENDING_PAYMENT
653,2013-07-28 00:00:00.0,10473,PROCESSING
654,2013-07-28 00:00:00.0,286,COMPLETE
655,2013-07-28 00:00:00.0,1206,PENDING_PAYMENT
656,2013-07-28 00:00:00.0,1646,PROCESSING
657,2013-07-28 00:00:00.0,1393,PENDING_PAYMENT
658,2013-07-28 00:00:00.0,12386,PENDING
659,2013-07-28 00:00:00.0,6006,COMPLETE
660,2013-07-28 00:00:00.0,1932,CLOSED
661,2013-07-28 00:00:00.0,2991,ON_HOLD
662,2013-07-28 00:00:00.0,11165,COMPLETE
663,2013-07-28 00:00:00.0,3531,PAYMENT_REVIEW
664,2013-07-28 00:00:00.0,4469,COMPLETE
665,2013-07-28 00:00:00.0,5648,ON_HOLD
666,2013-07-28 00:00:00.0,993,COMPLETE
667,2013-07-28 00:00:00.0,4726,CANCELED
668,2013-07-28 00:00:00.0,8023,PROCESSING
669,2013-07-28 00:00:00.0,909,PROCESSING
670,2013-07-28 00:00:00.0,482,PROCESSING
671,2013-07-28 00:00:00.0,7926,PENDING_PAYMENT
672,2013-07-29 00:00:00.0,1670,PENDING_PAYMENT
673,2013-07-29 00:00:00.0,2157,PENDING_PAYMENT
674,2013-07-29 00:00:00.0,1295,COMPLETE
675,2013-07-29 00:00:00.0,3414,COMPLETE
676,2013-07-29 00:00:00.0,5653,PENDING_PAYMENT
677,2013-07-29 00:00:00.0,5182,PENDING_PAYMENT
678,2013-07-29 00:00:00.0,9667,PENDING
679,2013-07-29 00:00:00.0,5535,CLOSED
680,2013-07-29 00:00:00.0,4599,ON_HOLD
681,2013-07-29 00:00:00.0,7524,PENDING_PAYMENT
682,2013-07-29 00:00:00.0,9271,COMPLETE
683,2013-07-29 00:00:00.0,7183,PENDING_PAYMENT
684,2013-07-29 00:00:00.0,1546,CLOSED
685,2013-07-29 00:00:00.0,10745,ON_HOLD
686,2013-07-29 00:00:00.0,7835,PROCESSING
687,2013-07-29 00:00:00.0,11639,PENDING_PAYMENT
688,2013-07-29 00:00:00.0,5097,PENDING_PAYMENT
689,2013-07-29 00:00:00.0,8272,PENDING
690,2013-07-29 00:00:00.0,7279,PENDING_PAYMENT
691,2013-07-29 00:00:00.0,517,PENDING_PAYMENT
692,2013-07-29 00:00:00.0,442,ON_HOLD
693,2013-07-29 00:00:00.0,10081,ON_HOLD
694,2013-07-29 00:00:00.0,5015,PROCESSING
695,2013-07-29 00:00:00.0,12224,PROCESSING
696,2013-07-29 00:00:00.0,11166,PENDING_PAYMENT
697,2013-07-29 00:00:00.0,3126,COMPLETE
698,2013-07-29 00:00:00.0,5283,COMPLETE
699,2013-07-29 00:00:00.0,7472,PENDING_PAYMENT
700,2013-07-29 00:00:00.0,2632,COMPLETE
701,2013-07-29 00:00:00.0,9742,PENDING_PAYMENT
702,2013-07-29 00:00:00.0,1826,PROCESSING
703,2013-07-29 00:00:00.0,1871,PENDING_PAYMENT
704,2013-07-29 00:00:00.0,11708,COMPLETE
705,2013-07-29 00:00:00.0,9639,PENDING
706,2013-07-29 00:00:00.0,10129,CLOSED
707,2013-07-29 00:00:00.0,5889,PENDING
708,2013-07-29 00:00:00.0,5695,CLOSED
709,2013-07-29 00:00:00.0,3161,PENDING
710,2013-07-29 00:00:00.0,5871,CLOSED
711,2013-07-29 00:00:00.0,4688,PENDING_PAYMENT
712,2013-07-29 00:00:00.0,4372,PENDING
713,2013-07-29 00:00:00.0,4826,CLOSED
714,2013-07-29 00:00:00.0,4756,COMPLETE
715,2013-07-29 00:00:00.0,864,PENDING
716,2013-07-29 00:00:00.0,2581,CANCELED
717,2013-07-29 00:00:00.0,8208,CANCELED
718,2013-07-29 00:00:00.0,70,COMPLETE
719,2013-07-29 00:00:00.0,4768,PROCESSING
720,2013-07-29 00:00:00.0,3142,COMPLETE
721,2013-07-29 00:00:00.0,2154,PENDING
722,2013-07-29 00:00:00.0,9781,CLOSED
723,2013-07-29 00:00:00.0,371,PENDING
724,2013-07-29 00:00:00.0,797,PENDING
725,2013-07-29 00:00:00.0,3837,PENDING_PAYMENT
726,2013-07-29 00:00:00.0,5407,COMPLETE
727,2013-07-29 00:00:00.0,1049,COMPLETE
728,2013-07-29 00:00:00.0,5965,COMPLETE
729,2013-07-29 00:00:00.0,8467,COMPLETE
730,2013-07-29 00:00:00.0,3189,COMPLETE
731,2013-07-29 00:00:00.0,5104,PROCESSING
732,2013-07-29 00:00:00.0,7633,COMPLETE
733,2013-07-29 00:00:00.0,2724,PENDING
734,2013-07-29 00:00:00.0,1995,PENDING_PAYMENT
735,2013-07-29 00:00:00.0,9142,COMPLETE
736,2013-07-29 00:00:00.0,8536,COMPLETE
737,2013-07-29 00:00:00.0,3567,PAYMENT_REVIEW
738,2013-07-29 00:00:00.0,10042,CANCELED
739,2013-07-29 00:00:00.0,5647,COMPLETE
740,2013-07-29 00:00:00.0,6271,PROCESSING
741,2013-07-29 00:00:00.0,7481,COMPLETE
742,2013-07-29 00:00:00.0,9860,COMPLETE
743,2013-07-29 00:00:00.0,2030,PENDING_PAYMENT
744,2013-07-29 00:00:00.0,2960,COMPLETE
745,2013-07-29 00:00:00.0,7435,PROCESSING
746,2013-07-29 00:00:00.0,9753,COMPLETE
747,2013-07-29 00:00:00.0,4788,PENDING_PAYMENT
748,2013-07-29 00:00:00.0,1198,COMPLETE
749,2013-07-29 00:00:00.0,9270,PENDING_PAYMENT
750,2013-07-29 00:00:00.0,4293,PENDING_PAYMENT
751,2013-07-29 00:00:00.0,1438,PENDING
752,2013-07-29 00:00:00.0,3366,CLOSED
753,2013-07-29 00:00:00.0,5094,CANCELED
754,2013-07-29 00:00:00.0,6699,COMPLETE
755,2013-07-29 00:00:00.0,1478,COMPLETE
756,2013-07-29 00:00:00.0,8441,COMPLETE
757,2013-07-29 00:00:00.0,1648,PENDING_PAYMENT
758,2013-07-29 00:00:00.0,1244,PENDING_PAYMENT
759,2013-07-29 00:00:00.0,3328,COMPLETE
760,2013-07-29 00:00:00.0,444,ON_HOLD
761,2013-07-29 00:00:00.0,9748,COMPLETE
762,2013-07-29 00:00:00.0,1748,PENDING
763,2013-07-29 00:00:00.0,943,COMPLETE
764,2013-07-29 00:00:00.0,8625,COMPLETE
765,2013-07-29 00:00:00.0,2425,CLOSED
766,2013-07-29 00:00:00.0,12328,COMPLETE
767,2013-07-29 00:00:00.0,10174,PROCESSING
768,2013-07-29 00:00:00.0,8123,COMPLETE
769,2013-07-29 00:00:00.0,11749,PENDING_PAYMENT
770,2013-07-29 00:00:00.0,12146,COMPLETE
771,2013-07-29 00:00:00.0,9026,COMPLETE
772,2013-07-29 00:00:00.0,2863,PROCESSING
773,2013-07-29 00:00:00.0,10414,PENDING_PAYMENT
774,2013-07-29 00:00:00.0,11421,COMPLETE
775,2013-07-29 00:00:00.0,3547,PENDING_PAYMENT
776,2013-07-29 00:00:00.0,3180,PENDING_PAYMENT
777,2013-07-29 00:00:00.0,7761,ON_HOLD
778,2013-07-29 00:00:00.0,5759,COMPLETE
779,2013-07-29 00:00:00.0,2004,PENDING_PAYMENT
780,2013-07-29 00:00:00.0,2016,COMPLETE
781,2013-07-29 00:00:00.0,7971,PENDING
782,2013-07-29 00:00:00.0,12213,COMPLETE
783,2013-07-29 00:00:00.0,8321,PROCESSING
784,2013-07-29 00:00:00.0,3321,PENDING_PAYMENT
785,2013-07-29 00:00:00.0,8191,COMPLETE
786,2013-07-29 00:00:00.0,8974,CLOSED
787,2013-07-29 00:00:00.0,1150,CLOSED
788,2013-07-29 00:00:00.0,5625,PENDING
789,2013-07-29 00:00:00.0,17,COMPLETE
790,2013-07-29 00:00:00.0,103,PENDING_PAYMENT
791,2013-07-29 00:00:00.0,9961,PROCESSING
792,2013-07-29 00:00:00.0,12218,PENDING
793,2013-07-29 00:00:00.0,11007,PROCESSING
794,2013-07-29 00:00:00.0,7683,COMPLETE
795,2013-07-29 00:00:00.0,7219,COMPLETE
796,2013-07-29 00:00:00.0,11292,ON_HOLD
797,2013-07-29 00:00:00.0,6527,PROCESSING
798,2013-07-29 00:00:00.0,8709,COMPLETE
799,2013-07-29 00:00:00.0,4675,PENDING_PAYMENT
800,2013-07-29 00:00:00.0,9946,COMPLETE
801,2013-07-29 00:00:00.0,532,PENDING_PAYMENT
802,2013-07-29 00:00:00.0,1670,COMPLETE
803,2013-07-29 00:00:00.0,5569,PENDING_PAYMENT
804,2013-07-29 00:00:00.0,2697,CLOSED
805,2013-07-29 00:00:00.0,8259,PENDING_PAYMENT
806,2013-07-29 00:00:00.0,11113,COMPLETE
807,2013-07-29 00:00:00.0,1231,COMPLETE
808,2013-07-29 00:00:00.0,10509,PENDING_PAYMENT
809,2013-07-29 00:00:00.0,7725,PROCESSING
810,2013-07-29 00:00:00.0,2484,PENDING
811,2013-07-29 00:00:00.0,10491,PENDING_PAYMENT
812,2013-07-29 00:00:00.0,7073,PENDING_PAYMENT
813,2013-07-29 00:00:00.0,2027,PENDING_PAYMENT
814,2013-07-29 00:00:00.0,11988,COMPLETE
815,2013-07-29 00:00:00.0,11713,PENDING_PAYMENT
816,2013-07-29 00:00:00.0,794,PENDING_PAYMENT
817,2013-07-29 00:00:00.0,9975,CLOSED
818,2013-07-29 00:00:00.0,8459,SUSPECTED_FRAUD
819,2013-07-29 00:00:00.0,1714,COMPLETE
820,2013-07-29 00:00:00.0,768,PENDING
821,2013-07-29 00:00:00.0,8384,COMPLETE
822,2013-07-29 00:00:00.0,1492,COMPLETE
823,2013-07-29 00:00:00.0,9469,CLOSED
824,2013-07-29 00:00:00.0,277,PENDING_PAYMENT
825,2013-07-29 00:00:00.0,7429,PENDING
826,2013-07-29 00:00:00.0,3744,COMPLETE
827,2013-07-29 00:00:00.0,11167,PENDING_PAYMENT
828,2013-07-29 00:00:00.0,2606,PENDING
829,2013-07-29 00:00:00.0,8977,PENDING_PAYMENT
830,2013-07-29 00:00:00.0,9103,SUSPECTED_FRAUD
831,2013-07-29 00:00:00.0,12064,COMPLETE
832,2013-07-29 00:00:00.0,132,COMPLETE
833,2013-07-29 00:00:00.0,4076,PENDING_PAYMENT
834,2013-07-29 00:00:00.0,481,PROCESSING
835,2013-07-29 00:00:00.0,10640,COMPLETE
836,2013-07-29 00:00:00.0,2372,PROCESSING
837,2013-07-29 00:00:00.0,7715,PENDING_PAYMENT
838,2013-07-29 00:00:00.0,3469,PENDING
839,2013-07-29 00:00:00.0,377,COMPLETE
840,2013-07-29 00:00:00.0,5123,COMPLETE
841,2013-07-29 00:00:00.0,8410,PENDING_PAYMENT
842,2013-07-29 00:00:00.0,4038,PENDING_PAYMENT
843,2013-07-29 00:00:00.0,8345,ON_HOLD
844,2013-07-29 00:00:00.0,6061,PENDING_PAYMENT
845,2013-07-29 00:00:00.0,5715,PROCESSING
846,2013-07-29 00:00:00.0,5643,PENDING
847,2013-07-29 00:00:00.0,12163,PENDING
848,2013-07-29 00:00:00.0,6018,COMPLETE
849,2013-07-29 00:00:00.0,8663,PROCESSING
850,2013-07-29 00:00:00.0,7382,PENDING
851,2013-07-29 00:00:00.0,11798,CLOSED
852,2013-07-29 00:00:00.0,11564,PENDING_PAYMENT
853,2013-07-29 00:00:00.0,5542,PENDING_PAYMENT
854,2013-07-29 00:00:00.0,4186,COMPLETE
855,2013-07-29 00:00:00.0,4535,PENDING_PAYMENT
856,2013-07-29 00:00:00.0,9876,PROCESSING
857,2013-07-29 00:00:00.0,833,PAYMENT_REVIEW
858,2013-07-29 00:00:00.0,9137,COMPLETE
859,2013-07-29 00:00:00.0,3432,COMPLETE
860,2013-07-29 00:00:00.0,9725,COMPLETE
861,2013-07-29 00:00:00.0,3164,COMPLETE
862,2013-07-29 00:00:00.0,1299,COMPLETE
863,2013-07-29 00:00:00.0,6081,COMPLETE
864,2013-07-29 00:00:00.0,12342,COMPLETE
865,2013-07-29 00:00:00.0,7052,CLOSED
866,2013-07-29 00:00:00.0,6788,ON_HOLD
867,2013-07-29 00:00:00.0,6669,COMPLETE
868,2013-07-29 00:00:00.0,2957,PROCESSING
869,2013-07-29 00:00:00.0,8657,PENDING_PAYMENT
870,2013-07-29 00:00:00.0,6516,PENDING
871,2013-07-29 00:00:00.0,6923,COMPLETE
872,2013-07-29 00:00:00.0,6440,COMPLETE
873,2013-07-29 00:00:00.0,2117,PROCESSING
874,2013-07-29 00:00:00.0,6230,PENDING_PAYMENT
875,2013-07-29 00:00:00.0,8330,PROCESSING
876,2013-07-29 00:00:00.0,7325,PENDING_PAYMENT
877,2013-07-29 00:00:00.0,5012,PENDING_PAYMENT
878,2013-07-30 00:00:00.0,207,COMPLETE
879,2013-07-30 00:00:00.0,3031,COMPLETE
880,2013-07-30 00:00:00.0,5400,COMPLETE
881,2013-07-30 00:00:00.0,3291,COMPLETE
882,2013-07-30 00:00:00.0,4102,COMPLETE
883,2013-07-30 00:00:00.0,4305,COMPLETE
884,2013-07-30 00:00:00.0,4909,COMPLETE
885,2013-07-30 00:00:00.0,7706,COMPLETE
886,2013-07-30 00:00:00.0,2124,COMPLETE
887,2013-07-30 00:00:00.0,4254,PROCESSING
888,2013-07-30 00:00:00.0,6610,PENDING_PAYMENT
889,2013-07-30 00:00:00.0,3677,COMPLETE
890,2013-07-30 00:00:00.0,8908,COMPLETE
891,2013-07-30 00:00:00.0,5609,COMPLETE
892,2013-07-30 00:00:00.0,9537,PENDING
893,2013-07-30 00:00:00.0,3106,COMPLETE
894,2013-07-30 00:00:00.0,2759,PROCESSING
895,2013-07-30 00:00:00.0,7575,PENDING
896,2013-07-30 00:00:00.0,478,PENDING_PAYMENT
897,2013-07-30 00:00:00.0,9070,CLOSED
898,2013-07-30 00:00:00.0,5271,ON_HOLD
899,2013-07-30 00:00:00.0,7707,PENDING
900,2013-07-30 00:00:00.0,8585,CLOSED
901,2013-07-30 00:00:00.0,10184,PENDING_PAYMENT
902,2013-07-30 00:00:00.0,1641,PROCESSING
903,2013-07-30 00:00:00.0,2199,PENDING
904,2013-07-30 00:00:00.0,5854,CLOSED
905,2013-07-30 00:00:00.0,5460,CLOSED
906,2013-07-30 00:00:00.0,7141,PROCESSING
907,2013-07-30 00:00:00.0,10661,COMPLETE
908,2013-07-30 00:00:00.0,8964,PROCESSING
909,2013-07-30 00:00:00.0,8670,SUSPECTED_FRAUD
910,2013-07-30 00:00:00.0,2762,COMPLETE
911,2013-07-30 00:00:00.0,3608,COMPLETE
912,2013-07-30 00:00:00.0,3076,PENDING_PAYMENT
913,2013-07-30 00:00:00.0,6408,PENDING
914,2013-07-30 00:00:00.0,6484,COMPLETE
915,2013-07-30 00:00:00.0,8495,PENDING
916,2013-07-30 00:00:00.0,48,PENDING
917,2013-07-30 00:00:00.0,9901,COMPLETE
918,2013-07-30 00:00:00.0,780,PENDING_PAYMENT
919,2013-07-30 00:00:00.0,10890,COMPLETE
920,2013-07-30 00:00:00.0,12019,COMPLETE
921,2013-07-30 00:00:00.0,12,PENDING_PAYMENT
922,2013-07-30 00:00:00.0,3160,PROCESSING
923,2013-07-30 00:00:00.0,5511,COMPLETE
924,2013-07-30 00:00:00.0,6615,PENDING_PAYMENT
925,2013-07-30 00:00:00.0,937,COMPLETE
926,2013-07-30 00:00:00.0,8052,ON_HOLD
927,2013-07-30 00:00:00.0,2520,COMPLETE
928,2013-07-30 00:00:00.0,2487,COMPLETE
929,2013-07-30 00:00:00.0,8482,CANCELED
930,2013-07-30 00:00:00.0,954,PENDING_PAYMENT
931,2013-07-30 00:00:00.0,10514,COMPLETE
932,2013-07-30 00:00:00.0,7231,SUSPECTED_FRAUD
933,2013-07-30 00:00:00.0,446,COMPLETE
934,2013-07-30 00:00:00.0,2931,COMPLETE
935,2013-07-30 00:00:00.0,10086,PENDING_PAYMENT
936,2013-07-30 00:00:00.0,7202,COMPLETE
937,2013-07-30 00:00:00.0,6899,PROCESSING
938,2013-07-30 00:00:00.0,7802,COMPLETE
939,2013-07-30 00:00:00.0,2964,CLOSED
940,2013-07-30 00:00:00.0,5098,SUSPECTED_FRAUD
941,2013-07-30 00:00:00.0,842,COMPLETE
942,2013-07-30 00:00:00.0,9704,COMPLETE
943,2013-07-30 00:00:00.0,2346,COMPLETE
944,2013-07-30 00:00:00.0,2917,ON_HOLD
945,2013-07-30 00:00:00.0,9732,COMPLETE
946,2013-07-30 00:00:00.0,10961,COMPLETE
947,2013-07-30 00:00:00.0,2637,CLOSED
948,2013-07-30 00:00:00.0,4289,PENDING_PAYMENT
949,2013-07-30 00:00:00.0,2674,CLOSED
950,2013-07-30 00:00:00.0,4151,PENDING_PAYMENT
951,2013-07-30 00:00:00.0,3129,CLOSED
952,2013-07-30 00:00:00.0,2250,COMPLETE
953,2013-07-30 00:00:00.0,368,PENDING_PAYMENT
954,2013-07-30 00:00:00.0,5066,PENDING_PAYMENT
955,2013-07-30 00:00:00.0,8117,CANCELED
956,2013-07-30 00:00:00.0,4484,PENDING_PAYMENT
957,2013-07-30 00:00:00.0,9879,PENDING
958,2013-07-30 00:00:00.0,12050,COMPLETE
959,2013-07-30 00:00:00.0,8993,PENDING_PAYMENT
960,2013-07-30 00:00:00.0,1463,COMPLETE
961,2013-07-30 00:00:00.0,5079,PENDING_PAYMENT
962,2013-07-30 00:00:00.0,9492,CANCELED
963,2013-07-30 00:00:00.0,10558,SUSPECTED_FRAUD
964,2013-07-30 00:00:00.0,3397,COMPLETE
965,2013-07-30 00:00:00.0,1907,ON_HOLD
966,2013-07-30 00:00:00.0,11298,COMPLETE
967,2013-07-30 00:00:00.0,1706,PENDING
968,2013-07-30 00:00:00.0,7845,ON_HOLD
969,2013-07-30 00:00:00.0,9247,COMPLETE
970,2013-07-30 00:00:00.0,7623,PENDING
971,2013-07-30 00:00:00.0,9478,PENDING_PAYMENT
972,2013-07-30 00:00:00.0,10255,CLOSED
973,2013-07-30 00:00:00.0,5118,PENDING
974,2013-07-30 00:00:00.0,6413,CLOSED
975,2013-07-30 00:00:00.0,638,PENDING_PAYMENT
976,2013-07-30 00:00:00.0,1088,PENDING_PAYMENT
977,2013-07-30 00:00:00.0,7817,COMPLETE
978,2013-07-30 00:00:00.0,4130,PROCESSING
979,2013-07-30 00:00:00.0,11323,COMPLETE
980,2013-07-30 00:00:00.0,7473,PROCESSING
981,2013-07-30 00:00:00.0,5411,COMPLETE
982,2013-07-30 00:00:00.0,2873,SUSPECTED_FRAUD
983,2013-07-30 00:00:00.0,9514,CLOSED
984,2013-07-30 00:00:00.0,12350,ON_HOLD
985,2013-07-30 00:00:00.0,5389,COMPLETE
986,2013-07-30 00:00:00.0,7820,PROCESSING
987,2013-07-30 00:00:00.0,7418,COMPLETE
988,2013-07-30 00:00:00.0,2491,COMPLETE
989,2013-07-30 00:00:00.0,370,PENDING
990,2013-07-30 00:00:00.0,7254,COMPLETE
991,2013-07-30 00:00:00.0,7317,PENDING_PAYMENT
992,2013-07-30 00:00:00.0,7107,COMPLETE
993,2013-07-30 00:00:00.0,5122,SUSPECTED_FRAUD
994,2013-07-30 00:00:00.0,4979,PROCESSING
995,2013-07-30 00:00:00.0,10907,COMPLETE
996,2013-07-30 00:00:00.0,12221,CLOSED
997,2013-07-30 00:00:00.0,8786,COMPLETE
998,2013-07-30 00:00:00.0,1739,PENDING_PAYMENT
999,2013-07-30 00:00:00.0,9358,PROCESSING
1000,2013-07-30 00:00:00.0,2321,CLOSED
1001,2013-07-30 00:00:00.0,6650,COMPLETE
1002,2013-07-30 00:00:00.0,5170,SUSPECTED_FRAUD
1003,2013-07-30 00:00:00.0,7438,COMPLETE
1004,2013-07-30 00:00:00.0,10701,COMPLETE
1005,2013-07-30 00:00:00.0,7958,PROCESSING
1006,2013-07-30 00:00:00.0,9028,COMPLETE
1007,2013-07-30 00:00:00.0,1417,PENDING_PAYMENT
1008,2013-07-30 00:00:00.0,4331,CLOSED
1009,2013-07-30 00:00:00.0,7886,COMPLETE
1010,2013-07-30 00:00:00.0,2512,COMPLETE
1011,2013-07-30 00:00:00.0,7214,COMPLETE
1012,2013-07-30 00:00:00.0,3245,CLOSED
1013,2013-07-30 00:00:00.0,1903,CANCELED
1014,2013-07-30 00:00:00.0,12077,PROCESSING
1015,2013-07-30 00:00:00.0,1136,PENDING_PAYMENT
1016,2013-07-30 00:00:00.0,5231,PENDING_PAYMENT
1017,2013-07-30 00:00:00.0,3781,PROCESSING
1018,2013-07-30 00:00:00.0,19,COMPLETE
1019,2013-07-30 00:00:00.0,4475,PENDING_PAYMENT
1020,2013-07-30 00:00:00.0,4815,PENDING_PAYMENT
1021,2013-07-30 00:00:00.0,10118,COMPLETE
1022,2013-07-30 00:00:00.0,6491,CLOSED
1023,2013-07-30 00:00:00.0,3817,PENDING
1024,2013-07-30 00:00:00.0,3751,COMPLETE
1025,2013-07-30 00:00:00.0,9474,PROCESSING
1026,2013-07-30 00:00:00.0,800,COMPLETE
1027,2013-07-30 00:00:00.0,11873,PROCESSING
1028,2013-07-30 00:00:00.0,11150,PENDING
1029,2013-07-30 00:00:00.0,2800,PENDING_PAYMENT
1030,2013-07-30 00:00:00.0,11178,COMPLETE
1031,2013-07-30 00:00:00.0,633,COMPLETE
1032,2013-07-30 00:00:00.0,7246,COMPLETE
1033,2013-07-30 00:00:00.0,6339,CLOSED
1034,2013-07-30 00:00:00.0,4990,COMPLETE
1035,2013-07-30 00:00:00.0,9117,COMPLETE
1036,2013-07-30 00:00:00.0,2001,CLOSED
1037,2013-07-30 00:00:00.0,1757,PENDING_PAYMENT
1038,2013-07-30 00:00:00.0,5418,COMPLETE
1039,2013-07-30 00:00:00.0,1558,COMPLETE
1040,2013-07-30 00:00:00.0,5787,COMPLETE
1041,2013-07-30 00:00:00.0,4975,CLOSED
1042,2013-07-30 00:00:00.0,6041,PROCESSING
1043,2013-07-30 00:00:00.0,9955,PENDING_PAYMENT
1044,2013-07-30 00:00:00.0,2444,PENDING_PAYMENT
1045,2013-07-30 00:00:00.0,9990,PENDING_PAYMENT
1046,2013-07-30 00:00:00.0,11047,PENDING_PAYMENT
1047,2013-07-30 00:00:00.0,2775,PENDING
1048,2013-07-30 00:00:00.0,11869,PENDING_PAYMENT
1049,2013-07-30 00:00:00.0,10742,PROCESSING
1050,2013-07-30 00:00:00.0,3401,PENDING_PAYMENT
1051,2013-07-30 00:00:00.0,6397,COMPLETE
1052,2013-07-30 00:00:00.0,464,PROCESSING
1053,2013-07-30 00:00:00.0,6393,PENDING_PAYMENT
1054,2013-07-30 00:00:00.0,2795,PENDING_PAYMENT
1055,2013-07-30 00:00:00.0,8971,COMPLETE
1056,2013-07-30 00:00:00.0,11006,COMPLETE
1057,2013-07-30 00:00:00.0,8378,PENDING
1058,2013-07-30 00:00:00.0,1981,PENDING
1059,2013-07-30 00:00:00.0,12148,PROCESSING
1060,2013-07-30 00:00:00.0,12390,PENDING_PAYMENT
1061,2013-07-30 00:00:00.0,1538,PENDING_PAYMENT
1062,2013-07-30 00:00:00.0,9488,PROCESSING
1063,2013-07-30 00:00:00.0,4868,SUSPECTED_FRAUD
1064,2013-07-30 00:00:00.0,11267,CLOSED
1065,2013-07-30 00:00:00.0,5774,PROCESSING
1066,2013-07-30 00:00:00.0,11037,PENDING_PAYMENT
1067,2013-07-30 00:00:00.0,5130,CLOSED
1068,2013-07-30 00:00:00.0,12178,PENDING
1069,2013-07-30 00:00:00.0,4683,SUSPECTED_FRAUD
1070,2013-07-30 00:00:00.0,3888,PENDING
1071,2013-07-30 00:00:00.0,8202,CLOSED
1072,2013-07-30 00:00:00.0,11480,ON_HOLD
1073,2013-07-30 00:00:00.0,780,PROCESSING
1074,2013-07-30 00:00:00.0,3900,SUSPECTED_FRAUD
1075,2013-07-30 00:00:00.0,2735,COMPLETE
1076,2013-07-30 00:00:00.0,7320,COMPLETE
1077,2013-07-31 00:00:00.0,8103,COMPLETE
1078,2013-07-31 00:00:00.0,9303,CLOSED
1079,2013-07-31 00:00:00.0,10348,PENDING_PAYMENT
1080,2013-07-31 00:00:00.0,8212,PENDING
1081,2013-07-31 00:00:00.0,2932,COMPLETE
1082,2013-07-31 00:00:00.0,6078,PENDING_PAYMENT
1083,2013-07-31 00:00:00.0,3957,SUSPECTED_FRAUD
1084,2013-07-31 00:00:00.0,6607,PENDING_PAYMENT
1085,2013-07-31 00:00:00.0,6318,PROCESSING
1086,2013-07-31 00:00:00.0,7236,PROCESSING
1087,2013-07-31 00:00:00.0,2613,CLOSED
1088,2013-07-31 00:00:00.0,11139,PENDING_PAYMENT
1089,2013-07-31 00:00:00.0,2298,PENDING_PAYMENT
1090,2013-07-31 00:00:00.0,9940,PROCESSING
1091,2013-07-31 00:00:00.0,7042,COMPLETE
1092,2013-07-31 00:00:00.0,1372,PROCESSING
1093,2013-07-31 00:00:00.0,9763,PENDING_PAYMENT
1094,2013-07-31 00:00:00.0,6443,PENDING
1095,2013-07-31 00:00:00.0,6590,PENDING_PAYMENT
1096,2013-07-31 00:00:00.0,458,COMPLETE
1097,2013-07-31 00:00:00.0,1030,COMPLETE
1098,2013-07-31 00:00:00.0,11983,COMPLETE
1099,2013-07-31 00:00:00.0,2653,COMPLETE
1100,2013-07-31 00:00:00.0,2850,SUSPECTED_FRAUD
1101,2013-07-31 00:00:00.0,11858,PENDING_PAYMENT
1102,2013-07-31 00:00:00.0,1279,PROCESSING
1103,2013-07-31 00:00:00.0,10519,PROCESSING
1104,2013-07-31 00:00:00.0,10883,PENDING_PAYMENT
1105,2013-07-31 00:00:00.0,9760,PROCESSING
1106,2013-07-31 00:00:00.0,2106,COMPLETE
1107,2013-07-31 00:00:00.0,3083,PROCESSING
1108,2013-07-31 00:00:00.0,7700,PROCESSING
1109,2013-07-31 00:00:00.0,10029,PENDING_PAYMENT
1110,2013-07-31 00:00:00.0,4786,PENDING
1111,2013-07-31 00:00:00.0,225,COMPLETE
1112,2013-07-31 00:00:00.0,7877,COMPLETE
1113,2013-07-31 00:00:00.0,6237,CLOSED
1114,2013-07-31 00:00:00.0,1228,PENDING
1115,2013-07-31 00:00:00.0,12113,PENDING_PAYMENT
1116,2013-07-31 00:00:00.0,4383,PENDING_PAYMENT
1117,2013-07-31 00:00:00.0,11352,SUSPECTED_FRAUD
1118,2013-07-31 00:00:00.0,7903,PENDING_PAYMENT
1119,2013-07-31 00:00:00.0,2267,COMPLETE
1120,2013-07-31 00:00:00.0,6515,PENDING_PAYMENT
1121,2013-07-31 00:00:00.0,423,PENDING_PAYMENT
1122,2013-07-31 00:00:00.0,10235,PENDING
1123,2013-07-31 00:00:00.0,2311,PENDING_PAYMENT
1124,2013-07-31 00:00:00.0,3703,ON_HOLD
1125,2013-07-31 00:00:00.0,7287,COMPLETE
1126,2013-07-31 00:00:00.0,6649,COMPLETE
1127,2013-07-31 00:00:00.0,1069,ON_HOLD
1128,2013-07-31 00:00:00.0,1498,COMPLETE
1129,2013-07-31 00:00:00.0,5367,PENDING_PAYMENT
1130,2013-07-31 00:00:00.0,6983,PENDING
1131,2013-07-31 00:00:00.0,5533,PROCESSING
1132,2013-07-31 00:00:00.0,8386,COMPLETE
1133,2013-07-31 00:00:00.0,5937,PROCESSING
1134,2013-07-31 00:00:00.0,4181,COMPLETE
1135,2013-07-31 00:00:00.0,5359,COMPLETE
1136,2013-07-31 00:00:00.0,808,CLOSED
1137,2013-07-31 00:00:00.0,9735,PROCESSING
1138,2013-07-31 00:00:00.0,10777,COMPLETE
1139,2013-07-31 00:00:00.0,3786,CLOSED
1140,2013-07-31 00:00:00.0,1073,CLOSED
1141,2013-07-31 00:00:00.0,11825,CLOSED
1142,2013-07-31 00:00:00.0,10885,PENDING_PAYMENT
1143,2013-07-31 00:00:00.0,9715,COMPLETE
1144,2013-07-31 00:00:00.0,61,SUSPECTED_FRAUD
1145,2013-07-31 00:00:00.0,3381,PENDING
1146,2013-07-31 00:00:00.0,4044,COMPLETE
1147,2013-07-31 00:00:00.0,5182,CLOSED
1148,2013-07-31 00:00:00.0,6596,COMPLETE
1149,2013-07-31 00:00:00.0,8767,COMPLETE
1150,2013-07-31 00:00:00.0,2826,PENDING
1151,2013-07-31 00:00:00.0,6022,PENDING_PAYMENT
1152,2013-07-31 00:00:00.0,11725,PENDING_PAYMENT
1153,2013-07-31 00:00:00.0,712,PENDING
1154,2013-07-31 00:00:00.0,3554,COMPLETE
1155,2013-07-31 00:00:00.0,12066,PENDING_PAYMENT
1156,2013-07-31 00:00:00.0,4725,CLOSED
1157,2013-07-31 00:00:00.0,7952,PENDING_PAYMENT
1158,2013-07-31 00:00:00.0,7762,PAYMENT_REVIEW
1159,2013-07-31 00:00:00.0,9619,ON_HOLD
1160,2013-07-31 00:00:00.0,1498,CLOSED
1161,2013-07-31 00:00:00.0,1657,PENDING_PAYMENT
1162,2013-07-31 00:00:00.0,5195,COMPLETE
1163,2013-07-31 00:00:00.0,965,COMPLETE
1164,2013-07-31 00:00:00.0,7009,COMPLETE
1165,2013-07-31 00:00:00.0,5885,COMPLETE
1166,2013-07-31 00:00:00.0,8936,CLOSED
1167,2013-07-31 00:00:00.0,1204,ON_HOLD
1168,2013-07-31 00:00:00.0,61,PENDING_PAYMENT
1169,2013-07-31 00:00:00.0,3971,CANCELED
1170,2013-07-31 00:00:00.0,593,PENDING
1171,2013-07-31 00:00:00.0,6798,PENDING_PAYMENT
1172,2013-07-31 00:00:00.0,3137,PENDING
1173,2013-07-31 00:00:00.0,5645,COMPLETE
1174,2013-07-31 00:00:00.0,8290,COMPLETE
1175,2013-07-31 00:00:00.0,1330,COMPLETE
1176,2013-07-31 00:00:00.0,10952,COMPLETE
1177,2013-07-31 00:00:00.0,9712,CLOSED
1178,2013-07-31 00:00:00.0,10513,CLOSED
1179,2013-07-31 00:00:00.0,3326,PENDING_PAYMENT
1180,2013-07-31 00:00:00.0,7061,CLOSED
1181,2013-07-31 00:00:00.0,5491,PENDING_PAYMENT
1182,2013-07-31 00:00:00.0,6438,COMPLETE
1183,2013-07-31 00:00:00.0,11732,PROCESSING
1184,2013-07-31 00:00:00.0,5580,PENDING
1185,2013-07-31 00:00:00.0,6153,CLOSED
1186,2013-07-31 00:00:00.0,11947,CANCELED
1187,2013-07-31 00:00:00.0,5813,ON_HOLD
1188,2013-07-31 00:00:00.0,8957,COMPLETE
1189,2013-07-31 00:00:00.0,10333,PENDING_PAYMENT
1190,2013-07-31 00:00:00.0,12360,CANCELED
1191,2013-07-31 00:00:00.0,3254,PENDING
1192,2013-07-31 00:00:00.0,1402,PROCESSING
1193,2013-07-31 00:00:00.0,10106,PENDING_PAYMENT
1194,2013-07-31 00:00:00.0,12161,ON_HOLD
1195,2013-07-31 00:00:00.0,7703,PENDING_PAYMENT
1196,2013-07-31 00:00:00.0,2737,COMPLETE
1197,2013-07-31 00:00:00.0,5003,COMPLETE
1198,2013-07-31 00:00:00.0,182,PENDING
1199,2013-07-31 00:00:00.0,244,PENDING_PAYMENT
1200,2013-07-31 00:00:00.0,11994,COMPLETE
1201,2013-07-31 00:00:00.0,6343,SUSPECTED_FRAUD
1202,2013-07-31 00:00:00.0,883,CLOSED
1203,2013-07-31 00:00:00.0,2447,COMPLETE
1204,2013-07-31 00:00:00.0,731,PENDING_PAYMENT
1205,2013-07-31 00:00:00.0,11907,COMPLETE
1206,2013-07-31 00:00:00.0,6083,COMPLETE
1207,2013-07-31 00:00:00.0,54,SUSPECTED_FRAUD
1208,2013-07-31 00:00:00.0,12117,CLOSED
1209,2013-07-31 00:00:00.0,2398,PENDING_PAYMENT
1210,2013-07-31 00:00:00.0,6014,CLOSED
1211,2013-07-31 00:00:00.0,10929,PENDING
1212,2013-07-31 00:00:00.0,4100,PENDING
1213,2013-07-31 00:00:00.0,9250,CLOSED
1214,2013-07-31 00:00:00.0,7892,ON_HOLD
1215,2013-07-31 00:00:00.0,2660,COMPLETE
1216,2013-07-31 00:00:00.0,2846,ON_HOLD
1217,2013-07-31 00:00:00.0,5328,COMPLETE
1218,2013-07-31 00:00:00.0,4469,PENDING
1219,2013-07-31 00:00:00.0,6728,PENDING_PAYMENT
1220,2013-07-31 00:00:00.0,2944,ON_HOLD
1221,2013-07-31 00:00:00.0,12032,PROCESSING
1222,2013-07-31 00:00:00.0,6617,PENDING_PAYMENT
1223,2013-07-31 00:00:00.0,7981,COMPLETE
1224,2013-07-31 00:00:00.0,8781,PENDING_PAYMENT
1225,2013-07-31 00:00:00.0,665,COMPLETE
1226,2013-07-31 00:00:00.0,9643,COMPLETE
1227,2013-07-31 00:00:00.0,8836,PENDING_PAYMENT
1228,2013-07-31 00:00:00.0,10103,PENDING
1229,2013-07-31 00:00:00.0,7822,PENDING_PAYMENT
1230,2013-07-31 00:00:00.0,11855,COMPLETE
1231,2013-07-31 00:00:00.0,987,PROCESSING
1232,2013-07-31 00:00:00.0,11433,PENDING
1233,2013-07-31 00:00:00.0,3184,ON_HOLD
1234,2013-07-31 00:00:00.0,7639,PENDING
1235,2013-07-31 00:00:00.0,11033,PENDING
1236,2013-07-31 00:00:00.0,1835,CLOSED
1237,2013-07-31 00:00:00.0,71,PENDING_PAYMENT
1238,2013-07-31 00:00:00.0,2610,COMPLETE
1239,2013-07-31 00:00:00.0,5397,PROCESSING
1240,2013-07-31 00:00:00.0,749,COMPLETE
1241,2013-07-31 00:00:00.0,7430,COMPLETE
1242,2013-07-31 00:00:00.0,9807,PENDING_PAYMENT
1243,2013-07-31 00:00:00.0,4434,PROCESSING
1244,2013-07-31 00:00:00.0,10480,COMPLETE
1245,2013-07-31 00:00:00.0,2686,PENDING_PAYMENT
1246,2013-07-31 00:00:00.0,9098,COMPLETE
1247,2013-07-31 00:00:00.0,10436,COMPLETE
1248,2013-07-31 00:00:00.0,6952,PENDING_PAYMENT
1249,2013-07-31 00:00:00.0,4014,PENDING_PAYMENT
1250,2013-07-31 00:00:00.0,6845,COMPLETE
1251,2013-07-31 00:00:00.0,11689,COMPLETE
1252,2013-07-31 00:00:00.0,10504,PENDING
1253,2013-07-31 00:00:00.0,5633,COMPLETE
1254,2013-07-31 00:00:00.0,1729,COMPLETE
1255,2013-07-31 00:00:00.0,8929,COMPLETE
1256,2013-07-31 00:00:00.0,1834,PENDING_PAYMENT
1257,2013-07-31 00:00:00.0,2255,PENDING
1258,2013-07-31 00:00:00.0,7958,ON_HOLD
1259,2013-07-31 00:00:00.0,2414,PENDING
1260,2013-07-31 00:00:00.0,9123,PENDING
1261,2013-07-31 00:00:00.0,11960,PROCESSING
1262,2013-07-31 00:00:00.0,2972,COMPLETE
1263,2013-07-31 00:00:00.0,1174,PROCESSING
1264,2013-07-31 00:00:00.0,6474,PENDING_PAYMENT
1265,2013-07-31 00:00:00.0,8982,COMPLETE
1266,2013-07-31 00:00:00.0,10850,ON_HOLD
1267,2013-07-31 00:00:00.0,1147,COMPLETE
1268,2013-07-31 00:00:00.0,12018,ON_HOLD
1269,2013-07-31 00:00:00.0,8069,COMPLETE
1270,2013-07-31 00:00:00.0,6909,ON_HOLD
1271,2013-07-31 00:00:00.0,10095,PROCESSING
1272,2013-07-31 00:00:00.0,3127,PENDING_PAYMENT
1273,2013-07-31 00:00:00.0,3322,COMPLETE
1274,2013-07-31 00:00:00.0,5511,COMPLETE
1275,2013-07-31 00:00:00.0,8091,CLOSED
1276,2013-07-31 00:00:00.0,4202,PENDING_PAYMENT
1277,2013-07-31 00:00:00.0,1939,COMPLETE
1278,2013-07-31 00:00:00.0,3753,PENDING_PAYMENT
1279,2013-07-31 00:00:00.0,4303,CLOSED
1280,2013-07-31 00:00:00.0,5712,CLOSED
1281,2013-07-31 00:00:00.0,10431,COMPLETE
1282,2013-07-31 00:00:00.0,9392,PENDING_PAYMENT
1283,2013-07-31 00:00:00.0,3951,CLOSED
1284,2013-07-31 00:00:00.0,1750,ON_HOLD
1285,2013-07-31 00:00:00.0,2543,PROCESSING
1286,2013-07-31 00:00:00.0,8389,PENDING_PAYMENT
1287,2013-07-31 00:00:00.0,2597,COMPLETE
1288,2013-07-31 00:00:00.0,8482,PROCESSING
1289,2013-07-31 00:00:00.0,11414,PROCESSING
1290,2013-07-31 00:00:00.0,6742,PROCESSING
1291,2013-07-31 00:00:00.0,704,COMPLETE
1292,2013-07-31 00:00:00.0,11460,COMPLETE
1293,2013-07-31 00:00:00.0,8351,PROCESSING
1294,2013-07-31 00:00:00.0,7121,PENDING_PAYMENT
1295,2013-07-31 00:00:00.0,611,CLOSED
1296,2013-07-31 00:00:00.0,589,CLOSED
1297,2013-08-01 00:00:00.0,11607,COMPLETE
1298,2013-08-01 00:00:00.0,5105,CLOSED
1299,2013-08-01 00:00:00.0,7802,COMPLETE
1300,2013-08-01 00:00:00.0,553,PENDING_PAYMENT
1301,2013-08-01 00:00:00.0,1604,PENDING_PAYMENT
1302,2013-08-01 00:00:00.0,1695,COMPLETE
1303,2013-08-01 00:00:00.0,7018,PROCESSING
1304,2013-08-01 00:00:00.0,2059,COMPLETE
1305,2013-08-01 00:00:00.0,3844,COMPLETE
1306,2013-08-01 00:00:00.0,11672,PENDING_PAYMENT
1307,2013-08-01 00:00:00.0,4474,COMPLETE
1308,2013-08-01 00:00:00.0,11645,PENDING
1309,2013-08-01 00:00:00.0,2367,CLOSED
1310,2013-08-01 00:00:00.0,5602,PENDING
1311,2013-08-01 00:00:00.0,5396,PENDING_PAYMENT
1312,2013-08-01 00:00:00.0,12291,COMPLETE
1313,2013-08-01 00:00:00.0,3471,CANCELED
1314,2013-08-01 00:00:00.0,10993,COMPLETE
1315,2013-08-01 00:00:00.0,5660,COMPLETE
1316,2013-08-01 00:00:00.0,6376,PENDING_PAYMENT
1317,2013-08-01 00:00:00.0,5467,PENDING
1318,2013-08-01 00:00:00.0,4212,COMPLETE
1319,2013-08-01 00:00:00.0,3966,COMPLETE
1320,2013-08-01 00:00:00.0,12270,COMPLETE
1321,2013-08-01 00:00:00.0,800,COMPLETE
1322,2013-08-01 00:00:00.0,9264,COMPLETE
1323,2013-08-01 00:00:00.0,7422,COMPLETE
1324,2013-08-01 00:00:00.0,4600,COMPLETE
1325,2013-08-01 00:00:00.0,10425,PENDING
1326,2013-08-01 00:00:00.0,10811,PENDING_PAYMENT
1327,2013-08-01 00:00:00.0,9526,COMPLETE
1328,2013-08-01 00:00:00.0,2844,PENDING
1329,2013-08-01 00:00:00.0,6070,CLOSED
1330,2013-08-01 00:00:00.0,4624,COMPLETE
1331,2013-08-01 00:00:00.0,1426,PENDING_PAYMENT
1332,2013-08-01 00:00:00.0,2715,PROCESSING
1333,2013-08-01 00:00:00.0,905,COMPLETE
1334,2013-08-01 00:00:00.0,4016,PENDING
1335,2013-08-01 00:00:00.0,5762,COMPLETE
1336,2013-08-01 00:00:00.0,5627,SUSPECTED_FRAUD
1337,2013-08-01 00:00:00.0,3561,COMPLETE
1338,2013-08-01 00:00:00.0,2094,COMPLETE
1339,2013-08-01 00:00:00.0,2696,PENDING
1340,2013-08-01 00:00:00.0,5148,PENDING_PAYMENT
1341,2013-08-01 00:00:00.0,3119,COMPLETE
1342,2013-08-01 00:00:00.0,8350,COMPLETE
1343,2013-08-01 00:00:00.0,8470,PENDING
1344,2013-08-01 00:00:00.0,1867,PAYMENT_REVIEW
1345,2013-08-01 00:00:00.0,7729,COMPLETE
1346,2013-08-01 00:00:00.0,2090,PENDING_PAYMENT
1347,2013-08-01 00:00:00.0,10007,PROCESSING
1348,2013-08-01 00:00:00.0,2359,PENDING_PAYMENT
1349,2013-08-01 00:00:00.0,11918,PENDING
1350,2013-08-01 00:00:00.0,7006,COMPLETE
1351,2013-08-01 00:00:00.0,9452,PROCESSING
1352,2013-08-01 00:00:00.0,4473,PENDING
1353,2013-08-01 00:00:00.0,1727,COMPLETE
1354,2013-08-01 00:00:00.0,8294,PENDING_PAYMENT
1355,2013-08-01 00:00:00.0,11218,PENDING
1356,2013-08-01 00:00:00.0,8984,PENDING_PAYMENT
1357,2013-08-01 00:00:00.0,5088,COMPLETE
1358,2013-08-01 00:00:00.0,4041,ON_HOLD
1359,2013-08-01 00:00:00.0,4435,CLOSED
1360,2013-08-01 00:00:00.0,9009,PENDING_PAYMENT
1361,2013-08-01 00:00:00.0,12308,PENDING_PAYMENT
1362,2013-08-01 00:00:00.0,5661,COMPLETE
1363,2013-08-01 00:00:00.0,12251,PENDING
1364,2013-08-01 00:00:00.0,3192,PENDING_PAYMENT
1365,2013-08-01 00:00:00.0,8567,CANCELED
1366,2013-08-01 00:00:00.0,1115,PENDING
1367,2013-08-01 00:00:00.0,2703,COMPLETE
1368,2013-08-01 00:00:00.0,1269,PENDING
1369,2013-08-01 00:00:00.0,9729,PROCESSING
1370,2013-08-01 00:00:00.0,9223,COMPLETE
1371,2013-08-01 00:00:00.0,4799,CLOSED
1372,2013-08-01 00:00:00.0,5821,PENDING
1373,2013-08-01 00:00:00.0,10611,PROCESSING
1374,2013-08-01 00:00:00.0,2484,CLOSED
1375,2013-08-01 00:00:00.0,4914,PROCESSING
1376,2013-08-01 00:00:00.0,11063,PENDING_PAYMENT
1377,2013-08-01 00:00:00.0,5418,COMPLETE
1378,2013-08-01 00:00:00.0,3410,PROCESSING
1379,2013-08-01 00:00:00.0,696,CLOSED
1380,2013-08-01 00:00:00.0,11195,PROCESSING
1381,2013-08-01 00:00:00.0,6643,PENDING_PAYMENT
1382,2013-08-01 00:00:00.0,9151,COMPLETE
1383,2013-08-01 00:00:00.0,1753,CANCELED
1384,2013-08-01 00:00:00.0,10281,PENDING
1385,2013-08-01 00:00:00.0,12198,PENDING_PAYMENT
1386,2013-08-01 00:00:00.0,11310,PROCESSING
1387,2013-08-01 00:00:00.0,7547,PENDING_PAYMENT
1388,2013-08-01 00:00:00.0,12046,PENDING
1389,2013-08-01 00:00:00.0,10371,CLOSED
1390,2013-08-01 00:00:00.0,8964,COMPLETE
1391,2013-08-01 00:00:00.0,5994,PENDING_PAYMENT
1392,2013-08-01 00:00:00.0,7102,COMPLETE
1393,2013-08-01 00:00:00.0,3420,PENDING
1394,2013-08-01 00:00:00.0,6857,PENDING_PAYMENT
1395,2013-08-01 00:00:00.0,3147,ON_HOLD
1396,2013-08-01 00:00:00.0,8915,PENDING_PAYMENT
1397,2013-08-01 00:00:00.0,11571,ON_HOLD
1398,2013-08-01 00:00:00.0,1523,SUSPECTED_FRAUD
1399,2013-08-01 00:00:00.0,9691,PENDING
1400,2013-08-01 00:00:00.0,478,COMPLETE
1401,2013-08-01 00:00:00.0,267,CLOSED
1402,2013-08-01 00:00:00.0,5394,PENDING_PAYMENT
1403,2013-08-01 00:00:00.0,12379,ON_HOLD
1404,2013-08-01 00:00:00.0,8986,PENDING
1405,2013-08-01 00:00:00.0,8627,COMPLETE
1406,2013-08-01 00:00:00.0,2370,PENDING
1407,2013-08-01 00:00:00.0,4900,COMPLETE
1408,2013-08-01 00:00:00.0,6819,CLOSED
1409,2013-08-01 00:00:00.0,1905,PENDING_PAYMENT
1410,2013-08-01 00:00:00.0,5928,COMPLETE
1411,2013-08-01 00:00:00.0,1383,PENDING
1412,2013-08-01 00:00:00.0,3656,SUSPECTED_FRAUD
1413,2013-08-01 00:00:00.0,10678,PENDING
1414,2013-08-01 00:00:00.0,9072,PENDING
1415,2013-08-01 00:00:00.0,109,SUSPECTED_FRAUD
1416,2013-08-01 00:00:00.0,5806,PENDING_PAYMENT
1417,2013-08-01 00:00:00.0,5676,PENDING
1418,2013-08-01 00:00:00.0,7595,CLOSED
1419,2013-08-01 00:00:00.0,6779,PROCESSING
1420,2013-08-01 00:00:00.0,7013,PENDING
1421,2013-08-01 00:00:00.0,5358,PENDING
1422,2013-08-01 00:00:00.0,8406,COMPLETE
1423,2013-08-01 00:00:00.0,12116,PROCESSING
1424,2013-08-01 00:00:00.0,5763,COMPLETE
1425,2013-08-01 00:00:00.0,9259,PENDING
1426,2013-08-01 00:00:00.0,4200,PENDING
1427,2013-08-01 00:00:00.0,4795,COMPLETE
1428,2013-08-01 00:00:00.0,1932,PROCESSING
1429,2013-08-01 00:00:00.0,5109,ON_HOLD
1430,2013-08-01 00:00:00.0,5241,COMPLETE
1431,2013-08-01 00:00:00.0,11358,CLOSED
1432,2013-08-01 00:00:00.0,3730,COMPLETE
1433,2013-08-01 00:00:00.0,174,PENDING
1434,2013-08-01 00:00:00.0,6607,COMPLETE
1435,2013-08-01 00:00:00.0,1879,CANCELED
1436,2013-08-01 00:00:00.0,10608,PENDING_PAYMENT
1437,2013-08-01 00:00:00.0,9507,PENDING
1438,2013-08-01 00:00:00.0,1523,PROCESSING
1439,2013-08-01 00:00:00.0,11719,COMPLETE
1440,2013-08-01 00:00:00.0,9310,COMPLETE
1441,2013-08-01 00:00:00.0,9350,PENDING_PAYMENT
1442,2013-08-01 00:00:00.0,7646,PENDING_PAYMENT
1443,2013-08-01 00:00:00.0,9490,PENDING
1444,2013-08-01 00:00:00.0,8302,COMPLETE
1445,2013-08-01 00:00:00.0,2182,COMPLETE
1446,2013-08-01 00:00:00.0,9102,COMPLETE
1447,2013-08-01 00:00:00.0,10324,PENDING
1448,2013-08-01 00:00:00.0,1454,PENDING
1449,2013-08-01 00:00:00.0,10783,COMPLETE
1450,2013-08-01 00:00:00.0,9151,PENDING_PAYMENT
1451,2013-08-01 00:00:00.0,2798,PENDING_PAYMENT
1452,2013-08-01 00:00:00.0,4953,COMPLETE
1453,2013-08-01 00:00:00.0,4040,CLOSED
1454,2013-08-01 00:00:00.0,1108,CLOSED
1455,2013-08-01 00:00:00.0,4875,ON_HOLD
1456,2013-08-01 00:00:00.0,10194,PENDING_PAYMENT
1457,2013-08-01 00:00:00.0,9657,PENDING
1458,2013-08-01 00:00:00.0,3890,PENDING_PAYMENT
1459,2013-08-01 00:00:00.0,6756,PENDING_PAYMENT
1460,2013-08-01 00:00:00.0,1089,PENDING
1461,2013-08-01 00:00:00.0,9702,CLOSED
1462,2013-08-01 00:00:00.0,3592,COMPLETE
1463,2013-08-01 00:00:00.0,9735,ON_HOLD
1464,2013-08-01 00:00:00.0,7510,COMPLETE
1465,2013-08-01 00:00:00.0,7634,PROCESSING
1466,2013-08-01 00:00:00.0,7054,COMPLETE
1467,2013-08-01 00:00:00.0,1449,CLOSED
1468,2013-08-01 00:00:00.0,6622,CLOSED
1469,2013-08-01 00:00:00.0,6087,PENDING_PAYMENT
1470,2013-08-01 00:00:00.0,2802,CLOSED
1471,2013-08-01 00:00:00.0,6418,PENDING
1472,2013-08-01 00:00:00.0,2394,COMPLETE
1473,2013-08-01 00:00:00.0,10933,PENDING
1474,2013-08-01 00:00:00.0,10365,COMPLETE
1475,2013-08-01 00:00:00.0,5235,PENDING_PAYMENT
1476,2013-08-01 00:00:00.0,8560,PENDING_PAYMENT
1477,2013-08-01 00:00:00.0,12101,CLOSED
1478,2013-08-01 00:00:00.0,12136,PENDING_PAYMENT
1479,2013-08-01 00:00:00.0,3752,PENDING
1480,2013-08-01 00:00:00.0,3159,PROCESSING
1481,2013-08-01 00:00:00.0,5953,COMPLETE
1482,2013-08-01 00:00:00.0,8110,PENDING
1483,2013-08-01 00:00:00.0,9307,COMPLETE
1484,2013-08-01 00:00:00.0,10601,COMPLETE
1485,2013-08-01 00:00:00.0,10870,PENDING_PAYMENT
1486,2013-08-01 00:00:00.0,11106,PENDING_PAYMENT
1487,2013-08-01 00:00:00.0,3880,PENDING_PAYMENT
1488,2013-08-01 00:00:00.0,12000,PENDING_PAYMENT
1489,2013-08-01 00:00:00.0,2550,COMPLETE
1490,2013-08-01 00:00:00.0,5067,COMPLETE
1491,2013-08-01 00:00:00.0,10029,COMPLETE
1492,2013-08-01 00:00:00.0,6847,SUSPECTED_FRAUD
1493,2013-08-01 00:00:00.0,11956,PROCESSING
1494,2013-08-01 00:00:00.0,6458,PENDING_PAYMENT
1495,2013-08-01 00:00:00.0,847,SUSPECTED_FRAUD
1496,2013-08-01 00:00:00.0,5858,PENDING_PAYMENT
1497,2013-08-01 00:00:00.0,7193,CANCELED
1498,2013-08-01 00:00:00.0,9093,PENDING_PAYMENT
1499,2013-08-01 00:00:00.0,8330,PENDING
1500,2013-08-01 00:00:00.0,692,CLOSED
1501,2013-08-01 00:00:00.0,4787,COMPLETE
1502,2013-08-01 00:00:00.0,6236,PENDING_PAYMENT
1503,2013-08-01 00:00:00.0,3309,PENDING
1504,2013-08-01 00:00:00.0,8961,CLOSED
1505,2013-08-01 00:00:00.0,7795,COMPLETE
1506,2013-08-01 00:00:00.0,8566,PROCESSING
1507,2013-08-01 00:00:00.0,4062,PROCESSING
1508,2013-08-01 00:00:00.0,6622,ON_HOLD
1509,2013-08-01 00:00:00.0,11060,SUSPECTED_FRAUD
1510,2013-08-01 00:00:00.0,12249,PENDING_PAYMENT
1511,2013-08-01 00:00:00.0,9326,PENDING_PAYMENT
1512,2013-08-01 00:00:00.0,11560,PROCESSING
1513,2013-08-01 00:00:00.0,11399,PENDING_PAYMENT
1514,2013-08-01 00:00:00.0,7273,PENDING_PAYMENT
1515,2013-08-01 00:00:00.0,12346,COMPLETE
1516,2013-08-01 00:00:00.0,8604,PENDING_PAYMENT
1517,2013-08-01 00:00:00.0,10515,PROCESSING
1518,2013-08-01 00:00:00.0,4739,ON_HOLD
1519,2013-08-01 00:00:00.0,5190,COMPLETE
1520,2013-08-01 00:00:00.0,12309,COMPLETE
1521,2013-08-01 00:00:00.0,11622,COMPLETE
1522,2013-08-01 00:00:00.0,5713,COMPLETE
1523,2013-08-01 00:00:00.0,8256,PROCESSING
1524,2013-08-01 00:00:00.0,1507,COMPLETE
1525,2013-08-01 00:00:00.0,6592,COMPLETE
1526,2013-08-01 00:00:00.0,1908,PENDING_PAYMENT
1527,2013-08-01 00:00:00.0,7668,PENDING_PAYMENT
1528,2013-08-01 00:00:00.0,8949,PENDING
1529,2013-08-01 00:00:00.0,34,ON_HOLD
1530,2013-08-01 00:00:00.0,1032,COMPLETE
1531,2013-08-02 00:00:00.0,8731,COMPLETE
1532,2013-08-02 00:00:00.0,4646,COMPLETE
1533,2013-08-02 00:00:00.0,7249,PENDING_PAYMENT
1534,2013-08-02 00:00:00.0,10942,PAYMENT_REVIEW
1535,2013-08-02 00:00:00.0,2129,COMPLETE
1536,2013-08-02 00:00:00.0,4384,PENDING_PAYMENT
1537,2013-08-02 00:00:00.0,8013,COMPLETE
1538,2013-08-02 00:00:00.0,4172,SUSPECTED_FRAUD
1539,2013-08-02 00:00:00.0,10719,PENDING
1540,2013-08-02 00:00:00.0,3244,PAYMENT_REVIEW
1541,2013-08-02 00:00:00.0,8024,COMPLETE
1542,2013-08-02 00:00:00.0,7260,PENDING
1543,2013-08-02 00:00:00.0,12171,PENDING
1544,2013-08-02 00:00:00.0,9220,PROCESSING
1545,2013-08-02 00:00:00.0,5657,PENDING_PAYMENT
1546,2013-08-02 00:00:00.0,797,PENDING_PAYMENT
1547,2013-08-02 00:00:00.0,9462,COMPLETE
1548,2013-08-02 00:00:00.0,1556,CLOSED
1549,2013-08-02 00:00:00.0,12142,COMPLETE
1550,2013-08-02 00:00:00.0,3043,PENDING_PAYMENT
1551,2013-08-02 00:00:00.0,7264,PENDING_PAYMENT
1552,2013-08-02 00:00:00.0,7614,PENDING
1553,2013-08-02 00:00:00.0,10491,PENDING_PAYMENT
1554,2013-08-02 00:00:00.0,11728,PENDING_PAYMENT
1555,2013-08-02 00:00:00.0,1831,COMPLETE
1556,2013-08-02 00:00:00.0,6739,PENDING_PAYMENT
1557,2013-08-02 00:00:00.0,1812,COMPLETE
1558,2013-08-02 00:00:00.0,5661,SUSPECTED_FRAUD
1559,2013-08-02 00:00:00.0,15,COMPLETE
1560,2013-08-02 00:00:00.0,7542,CLOSED
1561,2013-08-02 00:00:00.0,7789,PENDING_PAYMENT
1562,2013-08-02 00:00:00.0,7473,PAYMENT_REVIEW
1563,2013-08-02 00:00:00.0,12425,PROCESSING
1564,2013-08-02 00:00:00.0,7815,CLOSED
1565,2013-08-02 00:00:00.0,8405,PENDING
1566,2013-08-02 00:00:00.0,8378,CLOSED
1567,2013-08-02 00:00:00.0,8073,PENDING_PAYMENT
1568,2013-08-02 00:00:00.0,5005,PROCESSING
1569,2013-08-02 00:00:00.0,2444,COMPLETE
1570,2013-08-02 00:00:00.0,2345,PROCESSING
1571,2013-08-02 00:00:00.0,8047,COMPLETE
1572,2013-08-02 00:00:00.0,353,COMPLETE
1573,2013-08-02 00:00:00.0,12270,PENDING_PAYMENT
1574,2013-08-02 00:00:00.0,106,PENDING_PAYMENT
1575,2013-08-02 00:00:00.0,7629,PENDING_PAYMENT
1576,2013-08-02 00:00:00.0,10363,PROCESSING
1577,2013-08-02 00:00:00.0,7100,COMPLETE
1578,2013-08-02 00:00:00.0,11518,COMPLETE
1579,2013-08-02 00:00:00.0,3039,PENDING
1580,2013-08-02 00:00:00.0,9713,PROCESSING
1581,2013-08-02 00:00:00.0,11603,PENDING_PAYMENT
1582,2013-08-02 00:00:00.0,5828,COMPLETE
1583,2013-08-02 00:00:00.0,12430,CLOSED
1584,2013-08-02 00:00:00.0,12130,PENDING_PAYMENT
1585,2013-08-02 00:00:00.0,6747,PROCESSING
1586,2013-08-02 00:00:00.0,4562,PENDING_PAYMENT
1587,2013-08-02 00:00:00.0,3231,COMPLETE
1588,2013-08-02 00:00:00.0,5477,ON_HOLD
1589,2013-08-02 00:00:00.0,12120,COMPLETE
1590,2013-08-02 00:00:00.0,483,COMPLETE
1591,2013-08-02 00:00:00.0,10666,COMPLETE
1592,2013-08-02 00:00:00.0,9841,PENDING
1593,2013-08-02 00:00:00.0,4395,CANCELED
1594,2013-08-02 00:00:00.0,843,PENDING
1595,2013-08-02 00:00:00.0,3536,CLOSED
1596,2013-08-02 00:00:00.0,6478,COMPLETE
1597,2013-08-02 00:00:00.0,11967,SUSPECTED_FRAUD
1598,2013-08-02 00:00:00.0,10784,CANCELED
1599,2013-08-02 00:00:00.0,8647,COMPLETE
1600,2013-08-02 00:00:00.0,7633,PROCESSING
1601,2013-08-02 00:00:00.0,12221,PENDING_PAYMENT
1602,2013-08-02 00:00:00.0,11156,PENDING_PAYMENT
1603,2013-08-02 00:00:00.0,5274,ON_HOLD
1604,2013-08-02 00:00:00.0,6008,COMPLETE
1605,2013-08-02 00:00:00.0,6119,COMPLETE
1606,2013-08-02 00:00:00.0,5383,CLOSED
1607,2013-08-02 00:00:00.0,12371,COMPLETE
1608,2013-08-02 00:00:00.0,8732,PENDING_PAYMENT
1609,2013-08-02 00:00:00.0,11805,PROCESSING
1610,2013-08-02 00:00:00.0,9352,PENDING
1611,2013-08-02 00:00:00.0,7387,COMPLETE
1612,2013-08-02 00:00:00.0,11833,COMPLETE
1613,2013-08-02 00:00:00.0,1252,COMPLETE
1614,2013-08-02 00:00:00.0,5534,PENDING_PAYMENT
1615,2013-08-02 00:00:00.0,6088,COMPLETE
1616,2013-08-02 00:00:00.0,10731,PENDING_PAYMENT
1617,2013-08-02 00:00:00.0,9488,CLOSED
1618,2013-08-02 00:00:00.0,9459,COMPLETE
1619,2013-08-02 00:00:00.0,11557,COMPLETE
1620,2013-08-02 00:00:00.0,3010,COMPLETE
1621,2013-08-02 00:00:00.0,5140,PENDING
1622,2013-08-02 00:00:00.0,8413,PENDING_PAYMENT
1623,2013-08-02 00:00:00.0,9419,PROCESSING
1624,2013-08-02 00:00:00.0,9982,COMPLETE
1625,2013-08-02 00:00:00.0,10752,PROCESSING
1626,2013-08-02 00:00:00.0,6418,CLOSED
1627,2013-08-02 00:00:00.0,2430,PENDING_PAYMENT
1628,2013-08-02 00:00:00.0,4203,COMPLETE
1629,2013-08-02 00:00:00.0,1365,PENDING_PAYMENT
1630,2013-08-02 00:00:00.0,6222,COMPLETE
1631,2013-08-02 00:00:00.0,7348,CLOSED
1632,2013-08-02 00:00:00.0,10556,PROCESSING
1633,2013-08-02 00:00:00.0,8464,COMPLETE
1634,2013-08-02 00:00:00.0,7273,PROCESSING
1635,2013-08-02 00:00:00.0,6602,SUSPECTED_FRAUD
1636,2013-08-02 00:00:00.0,1082,PENDING_PAYMENT
1637,2013-08-02 00:00:00.0,9504,COMPLETE
1638,2013-08-02 00:00:00.0,10880,SUSPECTED_FRAUD
1639,2013-08-02 00:00:00.0,6571,SUSPECTED_FRAUD
1640,2013-08-02 00:00:00.0,3736,CLOSED
1641,2013-08-02 00:00:00.0,3158,COMPLETE
1642,2013-08-02 00:00:00.0,946,ON_HOLD
1643,2013-08-02 00:00:00.0,3311,PENDING_PAYMENT
1644,2013-08-02 00:00:00.0,792,PROCESSING
1645,2013-08-02 00:00:00.0,4709,PENDING
1646,2013-08-02 00:00:00.0,6362,SUSPECTED_FRAUD
1647,2013-08-02 00:00:00.0,10766,PROCESSING
1648,2013-08-02 00:00:00.0,2113,COMPLETE
1649,2013-08-02 00:00:00.0,4116,COMPLETE
1650,2013-08-02 00:00:00.0,4904,PENDING_PAYMENT
1651,2013-08-02 00:00:00.0,6705,PROCESSING
1652,2013-08-02 00:00:00.0,11821,COMPLETE
1653,2013-08-02 00:00:00.0,9808,COMPLETE
1654,2013-08-02 00:00:00.0,5691,COMPLETE
1655,2013-08-02 00:00:00.0,5549,PENDING
1656,2013-08-02 00:00:00.0,12352,COMPLETE
1657,2013-08-02 00:00:00.0,8516,CLOSED
1658,2013-08-02 00:00:00.0,2195,PENDING
1659,2013-08-02 00:00:00.0,5523,PENDING
1660,2013-08-02 00:00:00.0,2306,COMPLETE
1661,2013-08-02 00:00:00.0,7711,CLOSED
1662,2013-08-02 00:00:00.0,9772,COMPLETE
1663,2013-08-02 00:00:00.0,2062,COMPLETE
1664,2013-08-02 00:00:00.0,1821,COMPLETE
1665,2013-08-02 00:00:00.0,8292,COMPLETE
1666,2013-08-02 00:00:00.0,719,CLOSED
1667,2013-08-02 00:00:00.0,10096,COMPLETE
1668,2013-08-02 00:00:00.0,11833,ON_HOLD
1669,2013-08-02 00:00:00.0,6383,PROCESSING
1670,2013-08-02 00:00:00.0,10588,COMPLETE
1671,2013-08-02 00:00:00.0,5613,COMPLETE
1672,2013-08-02 00:00:00.0,10602,COMPLETE
1673,2013-08-02 00:00:00.0,10061,COMPLETE
1674,2013-08-02 00:00:00.0,4364,COMPLETE
1675,2013-08-02 00:00:00.0,9654,PENDING
1676,2013-08-02 00:00:00.0,11641,COMPLETE
1677,2013-08-02 00:00:00.0,11037,COMPLETE
1678,2013-08-02 00:00:00.0,1419,COMPLETE
1679,2013-08-02 00:00:00.0,6850,PENDING_PAYMENT
1680,2013-08-02 00:00:00.0,6799,PENDING_PAYMENT
1681,2013-08-02 00:00:00.0,4295,PENDING_PAYMENT
1682,2013-08-02 00:00:00.0,620,COMPLETE
1683,2013-08-02 00:00:00.0,1228,PENDING_PAYMENT
1684,2013-08-02 00:00:00.0,5913,COMPLETE
1685,2013-08-02 00:00:00.0,6357,SUSPECTED_FRAUD
1686,2013-08-02 00:00:00.0,1337,CLOSED
1687,2013-08-02 00:00:00.0,2207,CLOSED
1688,2013-08-02 00:00:00.0,9152,PROCESSING
1689,2013-08-02 00:00:00.0,1157,PENDING
1690,2013-08-02 00:00:00.0,7166,PENDING_PAYMENT
1691,2013-08-02 00:00:00.0,6684,CLOSED
1692,2013-08-02 00:00:00.0,4483,PROCESSING
1693,2013-08-02 00:00:00.0,3885,ON_HOLD
1694,2013-08-02 00:00:00.0,3588,COMPLETE
1695,2013-08-02 00:00:00.0,2126,PROCESSING
1696,2013-08-02 00:00:00.0,11186,CLOSED
1697,2013-08-02 00:00:00.0,7089,COMPLETE
1698,2013-08-02 00:00:00.0,7882,COMPLETE
1699,2013-08-02 00:00:00.0,4540,PENDING
1700,2013-08-02 00:00:00.0,5981,PENDING_PAYMENT
1701,2013-08-02 00:00:00.0,5429,COMPLETE
1702,2013-08-02 00:00:00.0,8069,COMPLETE
1703,2013-08-02 00:00:00.0,10185,PENDING
1704,2013-08-02 00:00:00.0,5310,COMPLETE
1705,2013-08-02 00:00:00.0,157,PROCESSING
1706,2013-08-02 00:00:00.0,3550,COMPLETE
1707,2013-08-02 00:00:00.0,9559,COMPLETE
1708,2013-08-02 00:00:00.0,87,COMPLETE
1709,2013-08-02 00:00:00.0,7736,COMPLETE
1710,2013-08-02 00:00:00.0,10659,CLOSED
1711,2013-08-02 00:00:00.0,1153,COMPLETE
1712,2013-08-02 00:00:00.0,33,COMPLETE
1713,2013-08-02 00:00:00.0,8904,PROCESSING
1714,2013-08-02 00:00:00.0,10107,PENDING_PAYMENT
1715,2013-08-02 00:00:00.0,7546,COMPLETE
1716,2013-08-02 00:00:00.0,8216,PENDING_PAYMENT
1717,2013-08-02 00:00:00.0,51,PROCESSING
1718,2013-08-02 00:00:00.0,7775,PENDING_PAYMENT
1719,2013-08-02 00:00:00.0,940,ON_HOLD
1720,2013-08-02 00:00:00.0,6688,PENDING
1721,2013-08-02 00:00:00.0,4588,PENDING_PAYMENT
1722,2013-08-02 00:00:00.0,11453,PENDING_PAYMENT
1723,2013-08-02 00:00:00.0,5451,CLOSED
1724,2013-08-02 00:00:00.0,2938,PENDING_PAYMENT
1725,2013-08-02 00:00:00.0,1277,CLOSED
1726,2013-08-02 00:00:00.0,2984,CLOSED
1727,2013-08-02 00:00:00.0,8630,COMPLETE
1728,2013-08-02 00:00:00.0,66,PENDING_PAYMENT
1729,2013-08-02 00:00:00.0,7176,COMPLETE
1730,2013-08-03 00:00:00.0,6698,PENDING_PAYMENT
1731,2013-08-03 00:00:00.0,1838,PROCESSING
1732,2013-08-03 00:00:00.0,2851,PENDING_PAYMENT
1733,2013-08-03 00:00:00.0,8069,COMPLETE
1734,2013-08-03 00:00:00.0,5182,PAYMENT_REVIEW
1735,2013-08-03 00:00:00.0,11656,PAYMENT_REVIEW
1736,2013-08-03 00:00:00.0,3685,COMPLETE
1737,2013-08-03 00:00:00.0,3653,COMPLETE
1738,2013-08-03 00:00:00.0,2930,COMPLETE
1739,2013-08-03 00:00:00.0,1791,PENDING_PAYMENT
1740,2013-08-03 00:00:00.0,5986,COMPLETE
1741,2013-08-03 00:00:00.0,8622,COMPLETE
1742,2013-08-03 00:00:00.0,6913,COMPLETE
1743,2013-08-03 00:00:00.0,4150,PENDING_PAYMENT
1744,2013-08-03 00:00:00.0,9782,COMPLETE
1745,2013-08-03 00:00:00.0,10829,COMPLETE
1746,2013-08-03 00:00:00.0,3905,PENDING_PAYMENT
1747,2013-08-03 00:00:00.0,9464,SUSPECTED_FRAUD
1748,2013-08-03 00:00:00.0,1932,ON_HOLD
1749,2013-08-03 00:00:00.0,1157,COMPLETE
1750,2013-08-03 00:00:00.0,2912,ON_HOLD
1751,2013-08-03 00:00:00.0,1987,PENDING_PAYMENT
1752,2013-08-03 00:00:00.0,11516,PENDING_PAYMENT
1753,2013-08-03 00:00:00.0,109,COMPLETE
1754,2013-08-03 00:00:00.0,3982,CLOSED
1755,2013-08-03 00:00:00.0,10457,COMPLETE
1756,2013-08-03 00:00:00.0,6875,SUSPECTED_FRAUD
1757,2013-08-03 00:00:00.0,8475,CLOSED
1758,2013-08-03 00:00:00.0,7399,PENDING_PAYMENT
1759,2013-08-03 00:00:00.0,3567,PROCESSING
1760,2013-08-03 00:00:00.0,1533,PENDING
1761,2013-08-03 00:00:00.0,5399,PROCESSING
1762,2013-08-03 00:00:00.0,2727,SUSPECTED_FRAUD
1763,2013-08-03 00:00:00.0,4914,PENDING_PAYMENT
1764,2013-08-03 00:00:00.0,2972,PENDING
1765,2013-08-03 00:00:00.0,6897,PENDING_PAYMENT
1766,2013-08-03 00:00:00.0,7143,PROCESSING
1767,2013-08-03 00:00:00.0,10205,ON_HOLD
1768,2013-08-03 00:00:00.0,9695,COMPLETE
1769,2013-08-03 00:00:00.0,656,PENDING
1770,2013-08-03 00:00:00.0,480,ON_HOLD
1771,2013-08-03 00:00:00.0,1008,PENDING_PAYMENT
1772,2013-08-03 00:00:00.0,5024,PROCESSING
1773,2013-08-03 00:00:00.0,10667,COMPLETE
1774,2013-08-03 00:00:00.0,10109,COMPLETE
1775,2013-08-03 00:00:00.0,12112,COMPLETE
1776,2013-08-03 00:00:00.0,6222,CANCELED
1777,2013-08-03 00:00:00.0,7264,COMPLETE
1778,2013-08-03 00:00:00.0,11689,CLOSED
1779,2013-08-03 00:00:00.0,7372,COMPLETE
1780,2013-08-03 00:00:00.0,11189,PROCESSING
1781,2013-08-03 00:00:00.0,3254,PROCESSING
1782,2013-08-03 00:00:00.0,12054,COMPLETE
1783,2013-08-03 00:00:00.0,5229,CLOSED
1784,2013-08-03 00:00:00.0,8010,PROCESSING
1785,2013-08-03 00:00:00.0,12024,COMPLETE
1786,2013-08-03 00:00:00.0,6946,PENDING_PAYMENT
1787,2013-08-03 00:00:00.0,5663,PENDING_PAYMENT
1788,2013-08-03 00:00:00.0,9281,COMPLETE
1789,2013-08-03 00:00:00.0,2159,COMPLETE
1790,2013-08-03 00:00:00.0,11052,PROCESSING
1791,2013-08-03 00:00:00.0,2575,COMPLETE
1792,2013-08-03 00:00:00.0,11476,CLOSED
1793,2013-08-03 00:00:00.0,8018,PENDING_PAYMENT
1794,2013-08-03 00:00:00.0,6120,PENDING_PAYMENT
1795,2013-08-03 00:00:00.0,9128,COMPLETE
1796,2013-08-03 00:00:00.0,2039,PAYMENT_REVIEW
1797,2013-08-03 00:00:00.0,11793,PROCESSING
1798,2013-08-03 00:00:00.0,11207,PENDING_PAYMENT
1799,2013-08-03 00:00:00.0,3295,COMPLETE
1800,2013-08-03 00:00:00.0,9572,COMPLETE
1801,2013-08-03 00:00:00.0,7329,COMPLETE
1802,2013-08-03 00:00:00.0,5236,COMPLETE
1803,2013-08-03 00:00:00.0,8870,CLOSED
1804,2013-08-03 00:00:00.0,1866,PENDING
1805,2013-08-03 00:00:00.0,11805,PENDING
1806,2013-08-03 00:00:00.0,3549,PENDING_PAYMENT
1807,2013-08-03 00:00:00.0,2847,PROCESSING
1808,2013-08-03 00:00:00.0,9615,COMPLETE
1809,2013-08-03 00:00:00.0,5847,COMPLETE
1810,2013-08-03 00:00:00.0,11308,PROCESSING
1811,2013-08-03 00:00:00.0,11065,PROCESSING
1812,2013-08-03 00:00:00.0,7001,PENDING_PAYMENT
1813,2013-08-03 00:00:00.0,719,COMPLETE
1814,2013-08-03 00:00:00.0,8774,ON_HOLD
1815,2013-08-03 00:00:00.0,475,COMPLETE
1816,2013-08-03 00:00:00.0,2769,COMPLETE
1817,2013-08-03 00:00:00.0,5914,PROCESSING
1818,2013-08-03 00:00:00.0,2752,CLOSED
1819,2013-08-03 00:00:00.0,4502,COMPLETE
1820,2013-08-03 00:00:00.0,590,COMPLETE
1821,2013-08-03 00:00:00.0,11296,PROCESSING
1822,2013-08-03 00:00:00.0,5682,COMPLETE
1823,2013-08-03 00:00:00.0,2192,PENDING_PAYMENT
1824,2013-08-03 00:00:00.0,4909,PROCESSING
1825,2013-08-03 00:00:00.0,5706,COMPLETE
1826,2013-08-03 00:00:00.0,10170,PROCESSING
1827,2013-08-03 00:00:00.0,1540,PENDING_PAYMENT
1828,2013-08-03 00:00:00.0,12060,PROCESSING
1829,2013-08-03 00:00:00.0,3951,COMPLETE
1830,2013-08-03 00:00:00.0,1012,COMPLETE
1831,2013-08-03 00:00:00.0,9699,PENDING_PAYMENT
1832,2013-08-03 00:00:00.0,7693,COMPLETE
1833,2013-08-03 00:00:00.0,1798,CLOSED
1834,2013-08-03 00:00:00.0,3686,COMPLETE
1835,2013-08-03 00:00:00.0,6125,PENDING_PAYMENT
1836,2013-08-03 00:00:00.0,6874,COMPLETE
1837,2013-08-03 00:00:00.0,10298,CLOSED
1838,2013-08-03 00:00:00.0,2113,PENDING_PAYMENT
1839,2013-08-03 00:00:00.0,7190,CLOSED
1840,2013-08-03 00:00:00.0,8618,CLOSED
1841,2013-08-03 00:00:00.0,3891,COMPLETE
1842,2013-08-03 00:00:00.0,4354,ON_HOLD
1843,2013-08-03 00:00:00.0,6246,COMPLETE
1844,2013-08-03 00:00:00.0,8800,COMPLETE
1845,2013-08-03 00:00:00.0,11698,PENDING_PAYMENT
1846,2013-08-03 00:00:00.0,4154,COMPLETE
1847,2013-08-03 00:00:00.0,9402,CLOSED
1848,2013-08-03 00:00:00.0,4808,PROCESSING
1849,2013-08-03 00:00:00.0,3757,CANCELED
1850,2013-08-03 00:00:00.0,4986,CLOSED
1851,2013-08-03 00:00:00.0,12340,CLOSED
1852,2013-08-03 00:00:00.0,4203,COMPLETE
1853,2013-08-03 00:00:00.0,2598,PENDING_PAYMENT
1854,2013-08-03 00:00:00.0,1840,PENDING
1855,2013-08-03 00:00:00.0,8428,PENDING_PAYMENT
1856,2013-08-03 00:00:00.0,4220,COMPLETE
1857,2013-08-03 00:00:00.0,6480,PENDING
1858,2013-08-03 00:00:00.0,12368,COMPLETE
1859,2013-08-03 00:00:00.0,6957,CANCELED
1860,2013-08-03 00:00:00.0,1994,PROCESSING
1861,2013-08-03 00:00:00.0,1155,CLOSED
1862,2013-08-03 00:00:00.0,12259,PENDING_PAYMENT
1863,2013-08-03 00:00:00.0,3763,CLOSED
1864,2013-08-03 00:00:00.0,6049,PENDING_PAYMENT
1865,2013-08-03 00:00:00.0,7543,COMPLETE
1866,2013-08-03 00:00:00.0,11051,PROCESSING
1867,2013-08-03 00:00:00.0,6141,PENDING_PAYMENT
1868,2013-08-03 00:00:00.0,12434,CLOSED
1869,2013-08-03 00:00:00.0,9913,ON_HOLD
1870,2013-08-03 00:00:00.0,7059,PENDING
1871,2013-08-03 00:00:00.0,6850,ON_HOLD
1872,2013-08-03 00:00:00.0,6050,PENDING_PAYMENT
1873,2013-08-03 00:00:00.0,11772,PROCESSING
1874,2013-08-03 00:00:00.0,4761,COMPLETE
1875,2013-08-03 00:00:00.0,10688,COMPLETE
1876,2013-08-03 00:00:00.0,9799,PENDING
1877,2013-08-03 00:00:00.0,7364,COMPLETE
1878,2013-08-03 00:00:00.0,5230,PENDING_PAYMENT
1879,2013-08-03 00:00:00.0,6663,PROCESSING
1880,2013-08-03 00:00:00.0,5040,COMPLETE
1881,2013-08-03 00:00:00.0,9770,COMPLETE
1882,2013-08-03 00:00:00.0,9503,PENDING
1883,2013-08-03 00:00:00.0,2287,PROCESSING
1884,2013-08-03 00:00:00.0,1759,COMPLETE
1885,2013-08-03 00:00:00.0,2712,PENDING_PAYMENT
1886,2013-08-04 00:00:00.0,3550,COMPLETE
1887,2013-08-04 00:00:00.0,3979,COMPLETE
1888,2013-08-04 00:00:00.0,8859,PENDING_PAYMENT
1889,2013-08-04 00:00:00.0,5151,COMPLETE
1890,2013-08-04 00:00:00.0,4539,COMPLETE
1891,2013-08-04 00:00:00.0,867,PENDING_PAYMENT
1892,2013-08-04 00:00:00.0,3515,CLOSED
1893,2013-08-04 00:00:00.0,4476,CLOSED
1894,2013-08-04 00:00:00.0,3022,PROCESSING
1895,2013-08-04 00:00:00.0,4892,PENDING
1896,2013-08-04 00:00:00.0,37,CLOSED
1897,2013-08-04 00:00:00.0,114,PROCESSING
1898,2013-08-04 00:00:00.0,11531,COMPLETE
1899,2013-08-04 00:00:00.0,4602,PENDING_PAYMENT
1900,2013-08-04 00:00:00.0,9839,PENDING_PAYMENT
1901,2013-08-04 00:00:00.0,4354,COMPLETE
1902,2013-08-04 00:00:00.0,7678,COMPLETE
1903,2013-08-04 00:00:00.0,10495,CLOSED
1904,2013-08-04 00:00:00.0,3834,PENDING_PAYMENT
1905,2013-08-04 00:00:00.0,7332,PENDING_PAYMENT
1906,2013-08-04 00:00:00.0,12153,PENDING_PAYMENT
1907,2013-08-04 00:00:00.0,3667,ON_HOLD
1908,2013-08-04 00:00:00.0,3470,PENDING_PAYMENT
1909,2013-08-04 00:00:00.0,8217,PROCESSING
1910,2013-08-04 00:00:00.0,2002,PROCESSING
1911,2013-08-04 00:00:00.0,11359,CLOSED
1912,2013-08-04 00:00:00.0,2472,PENDING_PAYMENT
1913,2013-08-04 00:00:00.0,7502,ON_HOLD
1914,2013-08-04 00:00:00.0,9505,PENDING_PAYMENT
1915,2013-08-04 00:00:00.0,3241,PENDING_PAYMENT
1916,2013-08-04 00:00:00.0,6599,SUSPECTED_FRAUD
1917,2013-08-04 00:00:00.0,11458,COMPLETE
1918,2013-08-04 00:00:00.0,1855,PENDING_PAYMENT
1919,2013-08-04 00:00:00.0,8169,PENDING_PAYMENT
1920,2013-08-04 00:00:00.0,5491,COMPLETE
1921,2013-08-04 00:00:00.0,11846,PENDING_PAYMENT
1922,2013-08-04 00:00:00.0,8052,COMPLETE
1923,2013-08-04 00:00:00.0,10336,COMPLETE
1924,2013-08-04 00:00:00.0,1911,PENDING_PAYMENT
1925,2013-08-04 00:00:00.0,6323,PROCESSING
1926,2013-08-04 00:00:00.0,10249,PENDING_PAYMENT
1927,2013-08-04 00:00:00.0,3115,PENDING
1928,2013-08-04 00:00:00.0,872,PROCESSING
1929,2013-08-04 00:00:00.0,10612,PROCESSING
1930,2013-08-04 00:00:00.0,11330,COMPLETE
1931,2013-08-04 00:00:00.0,187,PENDING
1932,2013-08-04 00:00:00.0,6098,ON_HOLD
1933,2013-08-04 00:00:00.0,1579,CLOSED
1934,2013-08-04 00:00:00.0,4019,CLOSED
1935,2013-08-04 00:00:00.0,12189,COMPLETE
1936,2013-08-04 00:00:00.0,6015,PENDING_PAYMENT
1937,2013-08-04 00:00:00.0,6827,PROCESSING
1938,2013-08-04 00:00:00.0,6474,COMPLETE
1939,2013-08-04 00:00:00.0,5626,PENDING
1940,2013-08-04 00:00:00.0,11351,PENDING_PAYMENT
1941,2013-08-04 00:00:00.0,9609,PENDING_PAYMENT
1942,2013-08-04 00:00:00.0,5837,PENDING_PAYMENT
1943,2013-08-04 00:00:00.0,5033,COMPLETE
1944,2013-08-04 00:00:00.0,4043,COMPLETE
1945,2013-08-04 00:00:00.0,5608,PROCESSING
1946,2013-08-04 00:00:00.0,11651,PENDING
1947,2013-08-04 00:00:00.0,8521,PAYMENT_REVIEW
1948,2013-08-04 00:00:00.0,836,PENDING
1949,2013-08-04 00:00:00.0,11535,COMPLETE
1950,2013-08-04 00:00:00.0,1899,COMPLETE
1951,2013-08-04 00:00:00.0,8229,PENDING_PAYMENT
1952,2013-08-04 00:00:00.0,940,COMPLETE
1953,2013-08-04 00:00:00.0,9524,COMPLETE
1954,2013-08-04 00:00:00.0,6130,COMPLETE
1955,2013-08-04 00:00:00.0,11456,CLOSED
1956,2013-08-04 00:00:00.0,5233,ON_HOLD
1957,2013-08-04 00:00:00.0,1795,COMPLETE
1958,2013-08-04 00:00:00.0,5093,COMPLETE
1959,2013-08-04 00:00:00.0,10066,PROCESSING
1960,2013-08-04 00:00:00.0,3090,PENDING
1961,2013-08-04 00:00:00.0,3109,PROCESSING
1962,2013-08-04 00:00:00.0,7820,PENDING_PAYMENT
1963,2013-08-04 00:00:00.0,12115,PROCESSING
1964,2013-08-04 00:00:00.0,8154,PENDING
1965,2013-08-04 00:00:00.0,5637,COMPLETE
1966,2013-08-04 00:00:00.0,1992,CLOSED
1967,2013-08-04 00:00:00.0,8683,ON_HOLD
1968,2013-08-04 00:00:00.0,105,CLOSED
1969,2013-08-04 00:00:00.0,10696,PENDING_PAYMENT
1970,2013-08-04 00:00:00.0,12249,CLOSED
1971,2013-08-04 00:00:00.0,1717,COMPLETE
1972,2013-08-04 00:00:00.0,9757,PENDING_PAYMENT
1973,2013-08-04 00:00:00.0,8151,PROCESSING
1974,2013-08-04 00:00:00.0,9342,COMPLETE
1975,2013-08-04 00:00:00.0,6398,COMPLETE
1976,2013-08-04 00:00:00.0,8351,PENDING_PAYMENT
1977,2013-08-04 00:00:00.0,2999,COMPLETE
1978,2013-08-04 00:00:00.0,1031,PENDING_PAYMENT
1979,2013-08-04 00:00:00.0,2058,PENDING_PAYMENT
1980,2013-08-04 00:00:00.0,5579,COMPLETE
1981,2013-08-04 00:00:00.0,5922,PENDING
1982,2013-08-04 00:00:00.0,7323,COMPLETE
1983,2013-08-04 00:00:00.0,11093,ON_HOLD
1984,2013-08-04 00:00:00.0,10289,PROCESSING
1985,2013-08-04 00:00:00.0,2798,ON_HOLD
1986,2013-08-04 00:00:00.0,557,PENDING_PAYMENT
1987,2013-08-04 00:00:00.0,532,PENDING_PAYMENT
1988,2013-08-04 00:00:00.0,4326,PENDING
1989,2013-08-04 00:00:00.0,11041,CLOSED
1990,2013-08-04 00:00:00.0,9878,PENDING
1991,2013-08-04 00:00:00.0,242,SUSPECTED_FRAUD
1992,2013-08-04 00:00:00.0,3461,ON_HOLD
1993,2013-08-04 00:00:00.0,988,COMPLETE
1994,2013-08-04 00:00:00.0,2916,PENDING_PAYMENT
1995,2013-08-04 00:00:00.0,22,CLOSED
1996,2013-08-04 00:00:00.0,7491,PENDING_PAYMENT
1997,2013-08-04 00:00:00.0,223,PENDING_PAYMENT
1998,2013-08-04 00:00:00.0,6390,COMPLETE
1999,2013-08-04 00:00:00.0,4867,PROCESSING